"current_path","sha256","reference_classification","stable_artifact_before","phase3_deletion_or_replacement","retained_source_imports_after","stable_wheel_after","stable_sdist_after","deletion_proof"
"cryptography_suite/__init__.py","53a3e4a42ab4e73180a25e92b10b6c9b582081ae2d103282fb4c7cb0d4986dde","stable responsibility requiring rewrite","yes","deleted; implementation not ported","zero active stable-runtime imports","no","no","checkpoint def6fe31329ada2b112b09fff3f31ff1965a3ffb + SHA-256 + 48 local tests + 48 GitHub CPython 3.11 tests + 42 GitHub CPython 3.10 tests + 23/40-entry allowlists"
"cryptography_suite/_key_files.py","c1cf7e5e11fce8dce043b9b0fefd2a6fc182bb7c9aa497c6e1e8c71c518790ed","stable responsibility requiring rewrite","yes","deleted; implementation not ported","zero active stable-runtime imports","no","no","checkpoint def6fe31329ada2b112b09fff3f31ff1965a3ffb + SHA-256 + 48 local tests + 48 GitHub CPython 3.11 tests + 42 GitHub CPython 3.10 tests + 23/40-entry allowlists"
"cryptography_suite/_mypy_crypto_checker.py","9bc14fdc3bc350f1804f2ce2917a1489a5cc6d07e51ddac2bedf0cbda3545b39","tooling","yes","deleted; implementation not ported","zero active stable-runtime imports","no","no","checkpoint def6fe31329ada2b112b09fff3f31ff1965a3ffb + SHA-256 + 48 local tests + 48 GitHub CPython 3.11 tests + 42 GitHub CPython 3.10 tests + 23/40-entry allowlists"
"cryptography_suite/aead.py","4770580bfcf90c75fdd06099f50e833c1277fc6200973ca27e82bb3bef369078","labs","yes","deleted; implementation not ported","zero active stable-runtime imports","no","no","checkpoint def6fe31329ada2b112b09fff3f31ff1965a3ffb + SHA-256 + 48 local tests + 48 GitHub CPython 3.11 tests + 42 GitHub CPython 3.10 tests + 23/40-entry allowlists"
"cryptography_suite/aead_plugins.py","d9085b285e86df41334ae6eef26bd5887d6328c99712375317e90a0cc6289ccd","labs","yes","deleted; implementation not ported","zero active stable-runtime imports","no","no","checkpoint def6fe31329ada2b112b09fff3f31ff1965a3ffb + SHA-256 + 48 local tests + 48 GitHub CPython 3.11 tests + 42 GitHub CPython 3.10 tests + 23/40-entry allowlists"
"cryptography_suite/asymmetric/__init__.py","6b8204bdf09d63a5e5185a7e78971f6d83d8b221e71f04a6570eefda73f22912","labs","yes","deleted; implementation not ported","zero active stable-runtime imports","no","no","checkpoint def6fe31329ada2b112b09fff3f31ff1965a3ffb + SHA-256 + 48 local tests + 48 GitHub CPython 3.11 tests + 42 GitHub CPython 3.10 tests + 23/40-entry allowlists"
"cryptography_suite/asymmetric/bls.py","345f0d5fa20e23704f2cf39c22d1b7f6351db42ce1a38591d03817ed5e351485","labs","yes","deleted; implementation not ported","zero active stable-runtime imports","no","no","checkpoint def6fe31329ada2b112b09fff3f31ff1965a3ffb + SHA-256 + 48 local tests + 48 GitHub CPython 3.11 tests + 42 GitHub CPython 3.10 tests + 23/40-entry allowlists"
"cryptography_suite/asymmetric/signatures.py","2e3a1f1848b72347c247b9327c16088d373a070d5be303e10537b859baeed47c","labs","yes","deleted; implementation not ported","zero active stable-runtime imports","no","no","checkpoint def6fe31329ada2b112b09fff3f31ff1965a3ffb + SHA-256 + 48 local tests + 48 GitHub CPython 3.11 tests + 42 GitHub CPython 3.10 tests + 23/40-entry allowlists"
"cryptography_suite/audit.py","3b91acf25608eb2bb0e1e79867e09460ec789e46e210a3b0db65f1fe095f2631","stable responsibility requiring rewrite","yes","deleted; implementation not ported","zero active stable-runtime imports","no","no","checkpoint def6fe31329ada2b112b09fff3f31ff1965a3ffb + SHA-256 + 48 local tests + 48 GitHub CPython 3.11 tests + 42 GitHub CPython 3.10 tests + 23/40-entry allowlists"
"cryptography_suite/cli.py","f068fea0c65c6031348d71855697ed61b97d17a19527e446b0bf7304ba4d3e9b","stable responsibility requiring rewrite","yes","deleted; implementation not ported","zero active stable-runtime imports","no","no","checkpoint def6fe31329ada2b112b09fff3f31ff1965a3ffb + SHA-256 + 48 local tests + 48 GitHub CPython 3.11 tests + 42 GitHub CPython 3.10 tests + 23/40-entry allowlists"
"cryptography_suite/codegen/__init__.py","076937eac36dd51049df05fe8ce26e4bb74dc832faf80c60785de9daf587aa74","labs","yes","deleted; implementation not ported","zero active stable-runtime imports","no","no","checkpoint def6fe31329ada2b112b09fff3f31ff1965a3ffb + SHA-256 + 48 local tests + 48 GitHub CPython 3.11 tests + 42 GitHub CPython 3.10 tests + 23/40-entry allowlists"
"cryptography_suite/codegen/templates/README.md.j2","14fe0b2252eac0eecd4a81def9bacedbb13b51aa383126c7be3e43103a471e3c","labs","yes","deleted; implementation not ported","zero active stable-runtime imports","no","no","checkpoint def6fe31329ada2b112b09fff3f31ff1965a3ffb + SHA-256 + 48 local tests + 48 GitHub CPython 3.11 tests + 42 GitHub CPython 3.10 tests + 23/40-entry allowlists"
"cryptography_suite/codegen/templates/fastapi/app.py.j2","e59b57ab010a9461051387fe7be8f4d4bc458a7ae080e6f8326cc03c81b88737","labs","yes","deleted; implementation not ported","zero active stable-runtime imports","no","no","checkpoint def6fe31329ada2b112b09fff3f31ff1965a3ffb + SHA-256 + 48 local tests + 48 GitHub CPython 3.11 tests + 42 GitHub CPython 3.10 tests + 23/40-entry allowlists"
"cryptography_suite/codegen/templates/flask/app.py.j2","7939ea2bbc7028bd7156d175cd6b3ee6a9ee55140a21a7976f73b8633dd3d285","labs","yes","deleted; implementation not ported","zero active stable-runtime imports","no","no","checkpoint def6fe31329ada2b112b09fff3f31ff1965a3ffb + SHA-256 + 48 local tests + 48 GitHub CPython 3.11 tests + 42 GitHub CPython 3.10 tests + 23/40-entry allowlists"
"cryptography_suite/codegen/templates/node/app.ts.j2","9b05edb3d021a82e00a73023ef03697b2402bf985c3d6c1c19ac92c917a96458","labs","yes","deleted; implementation not ported","zero active stable-runtime imports","no","no","checkpoint def6fe31329ada2b112b09fff3f31ff1965a3ffb + SHA-256 + 48 local tests + 48 GitHub CPython 3.11 tests + 42 GitHub CPython 3.10 tests + 23/40-entry allowlists"
"cryptography_suite/config.py","c76fd384c6479a6446ddd02cec89dc5806d0adb332fd2d455c7edceb37421b54","stable responsibility requiring rewrite","yes","deleted; implementation not ported","zero active stable-runtime imports","no","no","checkpoint def6fe31329ada2b112b09fff3f31ff1965a3ffb + SHA-256 + 48 local tests + 48 GitHub CPython 3.11 tests + 42 GitHub CPython 3.10 tests + 23/40-entry allowlists"
"cryptography_suite/constants.py","b2af9dfcb4a637dcb758a18d9dc2ba7846f3301cfe9e7ed5654b73421703507d","stable responsibility requiring rewrite","yes","deleted; implementation not ported","zero active stable-runtime imports","no","no","checkpoint def6fe31329ada2b112b09fff3f31ff1965a3ffb + SHA-256 + 48 local tests + 48 GitHub CPython 3.11 tests + 42 GitHub CPython 3.10 tests + 23/40-entry allowlists"
"cryptography_suite/core/__init__.py","795f5894322cfd73956747fc5e96c54ba77d0eac0c309b2c89cbf33e5970c5af","stable responsibility requiring rewrite","yes","deleted; implementation not ported","zero active stable-runtime imports","no","no","checkpoint def6fe31329ada2b112b09fff3f31ff1965a3ffb + SHA-256 + 48 local tests + 48 GitHub CPython 3.11 tests + 42 GitHub CPython 3.10 tests + 23/40-entry allowlists"
"cryptography_suite/core/errors.py","4f72e68703d94d1828952a5c3c63c0454691f453f0a3e9a6bbcf26cca734de66","stable responsibility requiring rewrite","yes","deleted; implementation not ported","zero active stable-runtime imports","no","no","checkpoint def6fe31329ada2b112b09fff3f31ff1965a3ffb + SHA-256 + 48 local tests + 48 GitHub CPython 3.11 tests + 42 GitHub CPython 3.10 tests + 23/40-entry allowlists"
"cryptography_suite/core/logging.py","62013e1ede0eef80563231baefb0ac144afa6a5e243eb6ad299e055998ff7e54","stable responsibility requiring rewrite","yes","deleted; implementation not ported","zero active stable-runtime imports","no","no","checkpoint def6fe31329ada2b112b09fff3f31ff1965a3ffb + SHA-256 + 48 local tests + 48 GitHub CPython 3.11 tests + 42 GitHub CPython 3.10 tests + 23/40-entry allowlists"
"cryptography_suite/core/operations.py","acbbdbd9cdeb74b3128f843e608b9cd000693b43599b69d95a4a1366b0346456","stable responsibility requiring rewrite","yes","deleted; implementation not ported","zero active stable-runtime imports","no","no","checkpoint def6fe31329ada2b112b09fff3f31ff1965a3ffb + SHA-256 + 48 local tests + 48 GitHub CPython 3.11 tests + 42 GitHub CPython 3.10 tests + 23/40-entry allowlists"
"cryptography_suite/core/settings.py","ea1ca2ac709ec02737cf0f050d7e89e4553940d3f386eca6a452281ac6f1d774","stable responsibility requiring rewrite","yes","deleted; implementation not ported","zero active stable-runtime imports","no","no","checkpoint def6fe31329ada2b112b09fff3f31ff1965a3ffb + SHA-256 + 48 local tests + 48 GitHub CPython 3.11 tests + 42 GitHub CPython 3.10 tests + 23/40-entry allowlists"
"cryptography_suite/crypto_backends/__init__.py","c2e50fb213de0de0480d8a06b81d0ee46313f20a70f633af915df85366e3f445","stable responsibility requiring rewrite","yes","deleted; implementation not ported","zero active stable-runtime imports","no","no","checkpoint def6fe31329ada2b112b09fff3f31ff1965a3ffb + SHA-256 + 48 local tests + 48 GitHub CPython 3.11 tests + 42 GitHub CPython 3.10 tests + 23/40-entry allowlists"
"cryptography_suite/crypto_backends/abc.py","8fd59408795223f41b42c295060fa62ef91e3a70d07cd4f75a2477389b2ebd8d","stable responsibility requiring rewrite","yes","deleted; implementation not ported","zero active stable-runtime imports","no","no","checkpoint def6fe31329ada2b112b09fff3f31ff1965a3ffb + SHA-256 + 48 local tests + 48 GitHub CPython 3.11 tests + 42 GitHub CPython 3.10 tests + 23/40-entry allowlists"
"cryptography_suite/crypto_backends/pyca_backend.py","82f9f3b62b74ef147c3decf1ed5a2655080813fd0dcf33a3e1771efa44295cf0","stable responsibility requiring rewrite","yes","deleted; implementation not ported","zero active stable-runtime imports","no","no","checkpoint def6fe31329ada2b112b09fff3f31ff1965a3ffb + SHA-256 + 48 local tests + 48 GitHub CPython 3.11 tests + 42 GitHub CPython 3.10 tests + 23/40-entry allowlists"
"cryptography_suite/debug.py","94fb55906dc0b42114353a9a285ec59a0555485bfb66a4d26e002bc3524a43ba","stable responsibility requiring rewrite","yes","deleted; implementation not ported","zero active stable-runtime imports","no","no","checkpoint def6fe31329ada2b112b09fff3f31ff1965a3ffb + SHA-256 + 48 local tests + 48 GitHub CPython 3.11 tests + 42 GitHub CPython 3.10 tests + 23/40-entry allowlists"
"cryptography_suite/errors.py","4f9befccee233d2e63b1a198860b60484151a659d127880747e81eda7e7e4e38","stable responsibility requiring rewrite","yes","deleted; implementation not ported","zero active stable-runtime imports","no","no","checkpoint def6fe31329ada2b112b09fff3f31ff1965a3ffb + SHA-256 + 48 local tests + 48 GitHub CPython 3.11 tests + 42 GitHub CPython 3.10 tests + 23/40-entry allowlists"
"cryptography_suite/exceptions.py","efd69be3f3d3ca3b56d1704689ce6435ac6f9e02d5d97238f217bf01c892b8c7","stable responsibility requiring rewrite","yes","deleted; implementation not ported","zero active stable-runtime imports","no","no","checkpoint def6fe31329ada2b112b09fff3f31ff1965a3ffb + SHA-256 + 48 local tests + 48 GitHub CPython 3.11 tests + 42 GitHub CPython 3.10 tests + 23/40-entry allowlists"
"cryptography_suite/experimental/__init__.py","33d2cb5443f1c894ebdac507e482cc149c6e454c19fae4752c75030775b74b01","labs","yes","deleted; implementation not ported","zero active stable-runtime imports","no","no","checkpoint def6fe31329ada2b112b09fff3f31ff1965a3ffb + SHA-256 + 48 local tests + 48 GitHub CPython 3.11 tests + 42 GitHub CPython 3.10 tests + 23/40-entry allowlists"
"cryptography_suite/experimental/aes_gcm_sst.py","1662bd97e3c368e6797da457eb89e992d95c73d3f4e751ceaa1641460bca2c90","labs","yes","deleted; implementation not ported","zero active stable-runtime imports","no","no","checkpoint def6fe31329ada2b112b09fff3f31ff1965a3ffb + SHA-256 + 48 local tests + 48 GitHub CPython 3.11 tests + 42 GitHub CPython 3.10 tests + 23/40-entry allowlists"
"cryptography_suite/experimental/ascon.py","52398d23729e2e201f5698a4c7e67267f9237fbef42a50d25be1eff2b48122c2","labs","yes","deleted; implementation not ported","zero active stable-runtime imports","no","no","checkpoint def6fe31329ada2b112b09fff3f31ff1965a3ffb + SHA-256 + 48 local tests + 48 GitHub CPython 3.11 tests + 42 GitHub CPython 3.10 tests + 23/40-entry allowlists"
"cryptography_suite/experimental/fhe.py","9de0c6b9cc166fc70746110b66ac24314bd055088a5bc137c1181bc2dc93978d","labs","yes","deleted; implementation not ported","zero active stable-runtime imports","no","no","checkpoint def6fe31329ada2b112b09fff3f31ff1965a3ffb + SHA-256 + 48 local tests + 48 GitHub CPython 3.11 tests + 42 GitHub CPython 3.10 tests + 23/40-entry allowlists"
"cryptography_suite/experimental/salsa20.py","05fa967d995032d6069e8a3c728434e3c65b732e3ef00555836243d1094f03ae","labs","yes","deleted; implementation not ported","zero active stable-runtime imports","no","no","checkpoint def6fe31329ada2b112b09fff3f31ff1965a3ffb + SHA-256 + 48 local tests + 48 GitHub CPython 3.11 tests + 42 GitHub CPython 3.10 tests + 23/40-entry allowlists"
"cryptography_suite/experimental/signal_demo/__init__.py","38cc2c764ab7f2225577937bcc98e1ff936c93f80dcd3db82219289f80025a82","labs","yes","deleted; implementation not ported","zero active stable-runtime imports","no","no","checkpoint def6fe31329ada2b112b09fff3f31ff1965a3ffb + SHA-256 + 48 local tests + 48 GitHub CPython 3.11 tests + 42 GitHub CPython 3.10 tests + 23/40-entry allowlists"
"cryptography_suite/experimental/signal_demo/init_session.py","0100ec8293d525e0b3b6e74d21d03086249ad668d927a50edc9b4293b40cc85e","labs","yes","deleted; implementation not ported","zero active stable-runtime imports","no","no","checkpoint def6fe31329ada2b112b09fff3f31ff1965a3ffb + SHA-256 + 48 local tests + 48 GitHub CPython 3.11 tests + 42 GitHub CPython 3.10 tests + 23/40-entry allowlists"
"cryptography_suite/experimental/zk.py","6f52fbfca60e40286756e564f0494ea8fea1749a0cd6bb3db814390de032e4a8","labs","yes","deleted; implementation not ported","zero active stable-runtime imports","no","no","checkpoint def6fe31329ada2b112b09fff3f31ff1965a3ffb + SHA-256 + 48 local tests + 48 GitHub CPython 3.11 tests + 42 GitHub CPython 3.10 tests + 23/40-entry allowlists"
"cryptography_suite/hashing/__init__.py","872c991b6814b6f824f705703f6d6901eae97ff4938263a50f0ffb0066a97cb2","labs","yes","deleted; implementation not ported","zero active stable-runtime imports","no","no","checkpoint def6fe31329ada2b112b09fff3f31ff1965a3ffb + SHA-256 + 48 local tests + 48 GitHub CPython 3.11 tests + 42 GitHub CPython 3.10 tests + 23/40-entry allowlists"
"cryptography_suite/homomorphic.py","d45b18d9a5adf47f62d6901d3fa71a76e7283496c49f506bd0cf3c848562f583","labs","yes","deleted; implementation not ported","zero active stable-runtime imports","no","no","checkpoint def6fe31329ada2b112b09fff3f31ff1965a3ffb + SHA-256 + 48 local tests + 48 GitHub CPython 3.11 tests + 42 GitHub CPython 3.10 tests + 23/40-entry allowlists"
"cryptography_suite/hybrid.py","c3046d6bdea3e9f77399c78946c39cbb389b6d904811e5daf686c11ac113090a","labs","yes","deleted; implementation not ported","zero active stable-runtime imports","no","no","checkpoint def6fe31329ada2b112b09fff3f31ff1965a3ffb + SHA-256 + 48 local tests + 48 GitHub CPython 3.11 tests + 42 GitHub CPython 3.10 tests + 23/40-entry allowlists"
"cryptography_suite/keystores/__init__.py","8b03fdd9f973184251b701ac6e82facf5dfc7bdba7f9838de122845d2b6e6148","stable responsibility requiring rewrite","yes","deleted; implementation not ported","zero active stable-runtime imports","no","no","checkpoint def6fe31329ada2b112b09fff3f31ff1965a3ffb + SHA-256 + 48 local tests + 48 GitHub CPython 3.11 tests + 42 GitHub CPython 3.10 tests + 23/40-entry allowlists"
"cryptography_suite/keystores/aws_kms.py","cc7b6554234b757a168338af287d6fab78461ff2ae616958cef27bad8f95db91","stable responsibility requiring rewrite","yes","deleted; implementation not ported","zero active stable-runtime imports","no","no","checkpoint def6fe31329ada2b112b09fff3f31ff1965a3ffb + SHA-256 + 48 local tests + 48 GitHub CPython 3.11 tests + 42 GitHub CPython 3.10 tests + 23/40-entry allowlists"
"cryptography_suite/keystores/base.py","91768b15585e76e48e4e85e8b126c21ce7d9be4e40fb96d3e1305ab6ce605067","stable responsibility requiring rewrite","yes","deleted; implementation not ported","zero active stable-runtime imports","no","no","checkpoint def6fe31329ada2b112b09fff3f31ff1965a3ffb + SHA-256 + 48 local tests + 48 GitHub CPython 3.11 tests + 42 GitHub CPython 3.10 tests + 23/40-entry allowlists"
"cryptography_suite/keystores/local.py","d50ef4b76dcb8294a1d55b6b0dcfda771adc89a2969c1222c9591d4cab3b4598","stable responsibility requiring rewrite","yes","deleted; implementation not ported","zero active stable-runtime imports","no","no","checkpoint def6fe31329ada2b112b09fff3f31ff1965a3ffb + SHA-256 + 48 local tests + 48 GitHub CPython 3.11 tests + 42 GitHub CPython 3.10 tests + 23/40-entry allowlists"
"cryptography_suite/keystores/mock_hsm.py","4e2a4e02fb0d1d72074ef76d35a6af71028ea088cb3c9d6b39135baf3bc23e5c","stable responsibility requiring rewrite","yes","deleted; implementation not ported","zero active stable-runtime imports","no","no","checkpoint def6fe31329ada2b112b09fff3f31ff1965a3ffb + SHA-256 + 48 local tests + 48 GitHub CPython 3.11 tests + 42 GitHub CPython 3.10 tests + 23/40-entry allowlists"
"cryptography_suite/keystores/pkcs11.py","1e0c3669afe9e98771b78bcf573004300763a10ac630928f540ae19522915307","stable responsibility requiring rewrite","yes","deleted; implementation not ported","zero active stable-runtime imports","no","no","checkpoint def6fe31329ada2b112b09fff3f31ff1965a3ffb + SHA-256 + 48 local tests + 48 GitHub CPython 3.11 tests + 42 GitHub CPython 3.10 tests + 23/40-entry allowlists"
"cryptography_suite/legacy/__init__.py","5acbe56ca0bdb51af6f2889e62186d58874b96a5c06c520e175915633696c27e","legacy","yes","deleted; implementation not ported","zero active stable-runtime imports","no","no","checkpoint def6fe31329ada2b112b09fff3f31ff1965a3ffb + SHA-256 + 48 local tests + 48 GitHub CPython 3.11 tests + 42 GitHub CPython 3.10 tests + 23/40-entry allowlists"
"cryptography_suite/nonce.py","3078858ce55ca9a0d490b30712fefcfa7beebbcf312530d09a181be6f521ad68","labs","yes","deleted; implementation not ported","zero active stable-runtime imports","no","no","checkpoint def6fe31329ada2b112b09fff3f31ff1965a3ffb + SHA-256 + 48 local tests + 48 GitHub CPython 3.11 tests + 42 GitHub CPython 3.10 tests + 23/40-entry allowlists"
"cryptography_suite/optional/__init__.py","d30ab85f779814a17dcf6118f9b107eb03cf15a7a7734df0f2716b4999ff81b9","labs","yes","deleted; implementation not ported","zero active stable-runtime imports","no","no","checkpoint def6fe31329ada2b112b09fff3f31ff1965a3ffb + SHA-256 + 48 local tests + 48 GitHub CPython 3.11 tests + 42 GitHub CPython 3.10 tests + 23/40-entry allowlists"
"cryptography_suite/optional/salsa20.py","1e34221cb1efb0ff7887a7cc737bb15dcf5cadc8428162c8b3e0c462efaecb0a","labs","yes","deleted; implementation not ported","zero active stable-runtime imports","no","no","checkpoint def6fe31329ada2b112b09fff3f31ff1965a3ffb + SHA-256 + 48 local tests + 48 GitHub CPython 3.11 tests + 42 GitHub CPython 3.10 tests + 23/40-entry allowlists"
"cryptography_suite/pipeline.py","a03759d4afe38a1315d0d541eb3bad69af2affb305e591899b1d1804135f8b04","labs","yes","deleted; implementation not ported","zero active stable-runtime imports","no","no","checkpoint def6fe31329ada2b112b09fff3f31ff1965a3ffb + SHA-256 + 48 local tests + 48 GitHub CPython 3.11 tests + 42 GitHub CPython 3.10 tests + 23/40-entry allowlists"
"cryptography_suite/pqc/__init__.py","f5e78b3680d3509b1ffc86b9e6a662ecea9376d664c354c1aaf848aa5184b5ef","labs","yes","deleted; implementation not ported","zero active stable-runtime imports","no","no","checkpoint def6fe31329ada2b112b09fff3f31ff1965a3ffb + SHA-256 + 48 local tests + 48 GitHub CPython 3.11 tests + 42 GitHub CPython 3.10 tests + 23/40-entry allowlists"
"cryptography_suite/protocols/__init__.py","4360b15012d994e7ca2968d1ccb9113350af15bdbf29b112a2f1c0671291a5ec","labs","yes","deleted; implementation not ported","zero active stable-runtime imports","no","no","checkpoint def6fe31329ada2b112b09fff3f31ff1965a3ffb + SHA-256 + 48 local tests + 48 GitHub CPython 3.11 tests + 42 GitHub CPython 3.10 tests + 23/40-entry allowlists"
"cryptography_suite/protocols/key_management.py","a98d4133d65fe5f22a40bebf1506f0f6872e7286a930ae9fece4a38f2ebd024e","labs","yes","deleted; implementation not ported","zero active stable-runtime imports","no","no","checkpoint def6fe31329ada2b112b09fff3f31ff1965a3ffb + SHA-256 + 48 local tests + 48 GitHub CPython 3.11 tests + 42 GitHub CPython 3.10 tests + 23/40-entry allowlists"
"cryptography_suite/protocols/otp.py","726f08235c55267395743935c12ae5e24056fe70068e6d8db73ca23e440ee902","labs","yes","deleted; implementation not ported","zero active stable-runtime imports","no","no","checkpoint def6fe31329ada2b112b09fff3f31ff1965a3ffb + SHA-256 + 48 local tests + 48 GitHub CPython 3.11 tests + 42 GitHub CPython 3.10 tests + 23/40-entry allowlists"
"cryptography_suite/protocols/pake.py","ef3babd43d411ded9edfaeda44a37ce1dc5db9de85575efba2dfede7f92dfa93","labs","yes","deleted; implementation not ported","zero active stable-runtime imports","no","no","checkpoint def6fe31329ada2b112b09fff3f31ff1965a3ffb + SHA-256 + 48 local tests + 48 GitHub CPython 3.11 tests + 42 GitHub CPython 3.10 tests + 23/40-entry allowlists"
"cryptography_suite/protocols/secret_sharing.py","7c3b7496c40e92b2efafc9d3f2dedac7f5b785aa39635afe2d7070e64523bcbf","labs","yes","deleted; implementation not ported","zero active stable-runtime imports","no","no","checkpoint def6fe31329ada2b112b09fff3f31ff1965a3ffb + SHA-256 + 48 local tests + 48 GitHub CPython 3.11 tests + 42 GitHub CPython 3.10 tests + 23/40-entry allowlists"
"cryptography_suite/py.typed","e3b0c44298fc1c149afbf4c8996fb92427ae41e4649b934ca495991b7852b855","stable responsibility requiring rewrite","yes","moved to canonical src package","zero active stable-runtime imports","yes, at canonical package path","yes, under src/","checkpoint def6fe31329ada2b112b09fff3f31ff1965a3ffb + SHA-256 + 48 local tests + 48 GitHub CPython 3.11 tests + 42 GitHub CPython 3.10 tests + 23/40-entry allowlists"
"cryptography_suite/rich_logging.py","0fa07f8a0eff96e5c1e6e843658adecaeea04e4bdb8331e7c3fa079f0f2c95dd","stable responsibility requiring rewrite","yes","deleted; implementation not ported","zero active stable-runtime imports","no","no","checkpoint def6fe31329ada2b112b09fff3f31ff1965a3ffb + SHA-256 + 48 local tests + 48 GitHub CPython 3.11 tests + 42 GitHub CPython 3.10 tests + 23/40-entry allowlists"
"cryptography_suite/symmetric/__init__.py","cc6cf0b227c6fb808c2169189990330a0a3cf87de49ba130e13ce6c2601a02d6","stable responsibility requiring rewrite","yes","deleted; implementation not ported","zero active stable-runtime imports","no","no","checkpoint def6fe31329ada2b112b09fff3f31ff1965a3ffb + SHA-256 + 48 local tests + 48 GitHub CPython 3.11 tests + 42 GitHub CPython 3.10 tests + 23/40-entry allowlists"
"cryptography_suite/symmetric/aes.py","763d6cfdd03b18178525f95b516845f7d38744af626b2ee16a9bfa1201f0db0b","legacy","yes","deleted; implementation not ported","zero active stable-runtime imports","no","no","checkpoint def6fe31329ada2b112b09fff3f31ff1965a3ffb + SHA-256 + 48 local tests + 48 GitHub CPython 3.11 tests + 42 GitHub CPython 3.10 tests + 23/40-entry allowlists"
"cryptography_suite/symmetric/ascon.py","1e34221cb1efb0ff7887a7cc737bb15dcf5cadc8428162c8b3e0c462efaecb0a","labs","yes","deleted; implementation not ported","zero active stable-runtime imports","no","no","checkpoint def6fe31329ada2b112b09fff3f31ff1965a3ffb + SHA-256 + 48 local tests + 48 GitHub CPython 3.11 tests + 42 GitHub CPython 3.10 tests + 23/40-entry allowlists"
"cryptography_suite/symmetric/chacha.py","247e44b9c06c7c42c59400c97a20b82b84f6eb92f2bf4fff3f5e59807aacc8b3","labs","yes","deleted; implementation not ported","zero active stable-runtime imports","no","no","checkpoint def6fe31329ada2b112b09fff3f31ff1965a3ffb + SHA-256 + 48 local tests + 48 GitHub CPython 3.11 tests + 42 GitHub CPython 3.10 tests + 23/40-entry allowlists"
"cryptography_suite/symmetric/kdf.py","fffd10b8e892d5a80e8ca0a0df1a5060dc72b67f4e97e827b9252cfea6dbaca8","stable responsibility requiring rewrite","yes","deleted; implementation not ported","zero active stable-runtime imports","no","no","checkpoint def6fe31329ada2b112b09fff3f31ff1965a3ffb + SHA-256 + 48 local tests + 48 GitHub CPython 3.11 tests + 42 GitHub CPython 3.10 tests + 23/40-entry allowlists"
"cryptography_suite/utils.py","4b4938c84b1d08aaa8cb6a5d57bc7ff771b65b2896f8eea565105d814d4892c6","stable responsibility requiring rewrite","yes","deleted; implementation not ported","zero active stable-runtime imports","no","no","checkpoint def6fe31329ada2b112b09fff3f31ff1965a3ffb + SHA-256 + 48 local tests + 48 GitHub CPython 3.11 tests + 42 GitHub CPython 3.10 tests + 23/40-entry allowlists"
"cryptography_suite/viz/__init__.py","660bfa190d3f7b6e986bd747c484722848d02de0f34e6ab7f301933f5394e835","labs","yes","deleted; implementation not ported","zero active stable-runtime imports","no","no","checkpoint def6fe31329ada2b112b09fff3f31ff1965a3ffb + SHA-256 + 48 local tests + 48 GitHub CPython 3.11 tests + 42 GitHub CPython 3.10 tests + 23/40-entry allowlists"
"cryptography_suite/viz/export.py","f1c1b6585892edff7cc7a992300bfe3a6a86b095989c903083ca3f5c79de25f4","labs","yes","deleted; implementation not ported","zero active stable-runtime imports","no","no","checkpoint def6fe31329ada2b112b09fff3f31ff1965a3ffb + SHA-256 + 48 local tests + 48 GitHub CPython 3.11 tests + 42 GitHub CPython 3.10 tests + 23/40-entry allowlists"
"cryptography_suite/viz/widgets.py","0cd826ea763b5ae33d7b887c2f763d610b70feef7a60bb7c5169794be52c1411","labs","yes","deleted; implementation not ported","zero active stable-runtime imports","no","no","checkpoint def6fe31329ada2b112b09fff3f31ff1965a3ffb + SHA-256 + 48 local tests + 48 GitHub CPython 3.11 tests + 42 GitHub CPython 3.10 tests + 23/40-entry allowlists"
"cryptography_suite/x509.py","f7e1a0cadf39ff938419a137e9be6772da9a741e922cd1d31d2f4bced6e03a19","labs","yes","deleted; implementation not ported","zero active stable-runtime imports","no","no","checkpoint def6fe31329ada2b112b09fff3f31ff1965a3ffb + SHA-256 + 48 local tests + 48 GitHub CPython 3.11 tests + 42 GitHub CPython 3.10 tests + 23/40-entry allowlists"
"cryptography_suite/zk/__init__.py","e25c8b658faaf815dcd0523f1523f89b8d3c18193baae09eb42311ef1025789a","labs","yes","deleted; implementation not ported","zero active stable-runtime imports","no","no","checkpoint def6fe31329ada2b112b09fff3f31ff1965a3ffb + SHA-256 + 48 local tests + 48 GitHub CPython 3.11 tests + 42 GitHub CPython 3.10 tests + 23/40-entry allowlists"
"cryptography_suite/zk/bulletproof.py","1f16f98935bf719d939b14e1ccfecc3c77b7ca8bc73407a7b7b680b7352ccae3","labs","yes","deleted; implementation not ported","zero active stable-runtime imports","no","no","checkpoint def6fe31329ada2b112b09fff3f31ff1965a3ffb + SHA-256 + 48 local tests + 48 GitHub CPython 3.11 tests + 42 GitHub CPython 3.10 tests + 23/40-entry allowlists"
"cryptography_suite/zk/zksnark.py","78be52b884f09e7bbebfc8a40cbf496842fbf75ed794a9de0c44c2ed45292ef2","labs","yes","deleted; implementation not ported","zero active stable-runtime imports","no","no","checkpoint def6fe31329ada2b112b09fff3f31ff1965a3ffb + SHA-256 + 48 local tests + 48 GitHub CPython 3.11 tests + 42 GitHub CPython 3.10 tests + 23/40-entry allowlists"
"protocol/handshake.proto","339e9f858db1891a52c2fd31831ff7afe966402f06813ca5fb1e065c220d782c","labs","no","deleted; implementation not ported","zero active stable-runtime imports","no","no","checkpoint def6fe31329ada2b112b09fff3f31ff1965a3ffb + SHA-256 + 48 local tests + 48 GitHub CPython 3.11 tests + 42 GitHub CPython 3.10 tests + 23/40-entry allowlists"
"src/crypto_suite/__init__.py","5a0577a39ca5956b6a872f3941a87c89c9d798e1a676a2cf7a66411cd0ebd946","dead","no","deleted; implementation not ported","zero active stable-runtime imports","no","no","checkpoint def6fe31329ada2b112b09fff3f31ff1965a3ffb + SHA-256 + 48 local tests + 48 GitHub CPython 3.11 tests + 42 GitHub CPython 3.10 tests + 23/40-entry allowlists"
"src/crypto_suite/aead.py","baf1f879ac246906c7ad1801de9b98e10b78b4abcbb61f7f55550904a1057d1e","dead","no","deleted; implementation not ported","zero active stable-runtime imports","no","no","checkpoint def6fe31329ada2b112b09fff3f31ff1965a3ffb + SHA-256 + 48 local tests + 48 GitHub CPython 3.11 tests + 42 GitHub CPython 3.10 tests + 23/40-entry allowlists"
"src/crypto_suite/experimental/__init__.py","f90df2d615c3f7f7984ff5d718b84f5e7597d59fee47929cbdce5d300facb423","dead","no","deleted; implementation not ported","zero active stable-runtime imports","no","no","checkpoint def6fe31329ada2b112b09fff3f31ff1965a3ffb + SHA-256 + 48 local tests + 48 GitHub CPython 3.11 tests + 42 GitHub CPython 3.10 tests + 23/40-entry allowlists"
"src/crypto_suite/experimental/aes_gcm_sst.py","3ba0552fedb4bd5044a1f07016e3fae3472d061e7a18b540bb5c66ac73b2f291","dead","no","deleted; implementation not ported","zero active stable-runtime imports","no","no","checkpoint def6fe31329ada2b112b09fff3f31ff1965a3ffb + SHA-256 + 48 local tests + 48 GitHub CPython 3.11 tests + 42 GitHub CPython 3.10 tests + 23/40-entry allowlists"
"src/crypto_suite/handshake.py","4783dae01d3aa67e5279118bfb0d699f095a30f36a1899ffe8f09dd21a4a0e56","dead","no","deleted; implementation not ported","zero active stable-runtime imports","no","no","checkpoint def6fe31329ada2b112b09fff3f31ff1965a3ffb + SHA-256 + 48 local tests + 48 GitHub CPython 3.11 tests + 42 GitHub CPython 3.10 tests + 23/40-entry allowlists"
"src/crypto_suite/handshake_pb2.py","0ba525211bd98472d90af5569d91517856245081b07d63b1d5ebf17060955659","labs-generated","no","deleted; implementation not ported","zero active stable-runtime imports","no","no","checkpoint def6fe31329ada2b112b09fff3f31ff1965a3ffb + SHA-256 + 48 local tests + 48 GitHub CPython 3.11 tests + 42 GitHub CPython 3.10 tests + 23/40-entry allowlists"
"src/crypto_suite/nonce.py","ab742f05b5aea628780ba994d64a6f2a0db06e95970d0e5683585e8b6ba6bcd1","dead","no","deleted; implementation not ported","zero active stable-runtime imports","no","no","checkpoint def6fe31329ada2b112b09fff3f31ff1965a3ffb + SHA-256 + 48 local tests + 48 GitHub CPython 3.11 tests + 42 GitHub CPython 3.10 tests + 23/40-entry allowlists"
"src/crypto_suite/utils/__init__.py","dff1d32fd6adf1838b82bffbd0aaf88751b6f6f79de4b74a80c1726032ad5fa5","dead","no","deleted; implementation not ported","zero active stable-runtime imports","no","no","checkpoint def6fe31329ada2b112b09fff3f31ff1965a3ffb + SHA-256 + 48 local tests + 48 GitHub CPython 3.11 tests + 42 GitHub CPython 3.10 tests + 23/40-entry allowlists"
"src/crypto_suite/utils/zeroize.py","cf939b8f4c423dcc99ad0ca77053425e3234654369513ca8ff1021eac5b2cb08","dead","no","deleted; implementation not ported","zero active stable-runtime imports","no","no","checkpoint def6fe31329ada2b112b09fff3f31ff1965a3ffb + SHA-256 + 48 local tests + 48 GitHub CPython 3.11 tests + 42 GitHub CPython 3.10 tests + 23/40-entry allowlists"
"src/cryptography_suite/__init__.py","bd76af07c85f6d49118744f7d9f8175c545d5d382340505a6533dd100f613b54","stable responsibility requiring rewrite","no","replaced by canonical 15-symbol facade","zero active stable-runtime imports","yes, canonical replacement","yes, canonical replacement under src/","checkpoint def6fe31329ada2b112b09fff3f31ff1965a3ffb + SHA-256 + 48 local tests + 48 GitHub CPython 3.11 tests + 42 GitHub CPython 3.10 tests + 23/40-entry allowlists"
"src/cryptography_suite/cli/__init__.py","e3b0c44298fc1c149afbf4c8996fb92427ae41e4649b934ca495991b7852b855","stable responsibility requiring rewrite","no","deleted; implementation not ported","zero active stable-runtime imports","no","no","checkpoint def6fe31329ada2b112b09fff3f31ff1965a3ffb + SHA-256 + 48 local tests + 48 GitHub CPython 3.11 tests + 42 GitHub CPython 3.10 tests + 23/40-entry allowlists"
"src/cryptography_suite/cli/migrate_keys.py","8ca551653de1e4f433be3fdaead0cb993a207291cb3c0aab6f9f9425d3ef78c0","stable responsibility requiring rewrite","no","deleted; implementation not ported","zero active stable-runtime imports","no","no","checkpoint def6fe31329ada2b112b09fff3f31ff1965a3ffb + SHA-256 + 48 local tests + 48 GitHub CPython 3.11 tests + 42 GitHub CPython 3.10 tests + 23/40-entry allowlists"
"src/suite/__init__.py","d783c9249e34f8b5d6581362f16cc7be115c2fb331ad8491800960c6ba97a9cf","dead","no","deleted; implementation not ported","zero active stable-runtime imports","no","no","checkpoint def6fe31329ada2b112b09fff3f31ff1965a3ffb + SHA-256 + 48 local tests + 48 GitHub CPython 3.11 tests + 42 GitHub CPython 3.10 tests + 23/40-entry allowlists"
"src/suite/experimental/__init__.py","a5664201a669d45ec0edda73bc1fbfd9b9aeff4c0f599426d4076b1e0c9f4e91","dead","no","deleted; implementation not ported","zero active stable-runtime imports","no","no","checkpoint def6fe31329ada2b112b09fff3f31ff1965a3ffb + SHA-256 + 48 local tests + 48 GitHub CPython 3.11 tests + 42 GitHub CPython 3.10 tests + 23/40-entry allowlists"
"src/suite/utils/__init__.py","7bd71f2d3dd1bcf61953e7d28413d9876fc5db193d259a53502d188404b63489","dead","no","deleted; implementation not ported","zero active stable-runtime imports","no","no","checkpoint def6fe31329ada2b112b09fff3f31ff1965a3ffb + SHA-256 + 48 local tests + 48 GitHub CPython 3.11 tests + 42 GitHub CPython 3.10 tests + 23/40-entry allowlists"
"src/suite/utils/warnings.py","723e52ecc0e481fc014f76514ef87a963843468626486a5ebb3c6dacd9eb18dd","dead","no","deleted; implementation not ported","zero active stable-runtime imports","no","no","checkpoint def6fe31329ada2b112b09fff3f31ff1965a3ffb + SHA-256 + 48 local tests + 48 GitHub CPython 3.11 tests + 42 GitHub CPython 3.10 tests + 23/40-entry allowlists"
