"current_path","current_tree","sha256","current_wheel","current_sdist","phase1_proposed_disposition","phase2_binding_disposition","phase3_action","destination_when_retained","deletion_prerequisite","deletion_proof","final_artifact_presence"
"cryptography_suite/__init__.py","cryptography_suite/","53a3e4a42ab4e73180a25e92b10b6c9b582081ae2d103282fb4c7cb0d4986dde","yes","yes","rewrite","stable-rewrite","deleted; no implementation port","new RFC-approved src/cryptography_suite skeleton responsibility","rollback checkpoint + SHA-256 + reference classification + artifact tests","source/reference checks and wheel/sdist negative allowlists pass","no"
"cryptography_suite/_key_files.py","cryptography_suite/","c1cf7e5e11fce8dce043b9b0fefd2a6fc182bb7c9aa497c6e1e8c71c518790ed","yes","yes","stable-core candidate","stable-rewrite","deleted; no implementation port","new RFC-approved src/cryptography_suite skeleton responsibility","rollback checkpoint + SHA-256 + reference classification + artifact tests","source/reference checks and wheel/sdist negative allowlists pass","no"
"cryptography_suite/_mypy_crypto_checker.py","cryptography_suite/","9bc14fdc3bc350f1804f2ce2917a1489a5cc6d07e51ddac2bedf0cbda3545b39","yes","yes","test/tooling","stable-rewrite","deleted; no implementation port","new RFC-approved src/cryptography_suite skeleton responsibility","rollback checkpoint + SHA-256 + reference classification + artifact tests","source/reference checks and wheel/sdist negative allowlists pass","no"
"cryptography_suite/aead.py","cryptography_suite/","4770580bfcf90c75fdd06099f50e833c1277fc6200973ca27e82bb3bef369078","yes","yes","move-to-labs","labs-external","deleted; no implementation port","none; Git history only","rollback checkpoint + SHA-256 + reference classification + artifact tests","source/reference checks and wheel/sdist negative allowlists pass","no"
"cryptography_suite/aead_plugins.py","cryptography_suite/","d9085b285e86df41334ae6eef26bd5887d6328c99712375317e90a0cc6289ccd","yes","yes","move-to-labs","labs-external","deleted; no implementation port","none; Git history only","rollback checkpoint + SHA-256 + reference classification + artifact tests","source/reference checks and wheel/sdist negative allowlists pass","no"
"cryptography_suite/asymmetric/__init__.py","cryptography_suite/","6b8204bdf09d63a5e5185a7e78971f6d83d8b221e71f04a6570eefda73f22912","yes","yes","move-to-labs","labs-external","deleted; no implementation port","none; Git history only","rollback checkpoint + SHA-256 + reference classification + artifact tests","source/reference checks and wheel/sdist negative allowlists pass","no"
"cryptography_suite/asymmetric/bls.py","cryptography_suite/","345f0d5fa20e23704f2cf39c22d1b7f6351db42ce1a38591d03817ed5e351485","yes","yes","move-to-labs","labs-external","deleted; no implementation port","none; Git history only","rollback checkpoint + SHA-256 + reference classification + artifact tests","source/reference checks and wheel/sdist negative allowlists pass","no"
"cryptography_suite/asymmetric/signatures.py","cryptography_suite/","2e3a1f1848b72347c247b9327c16088d373a070d5be303e10537b859baeed47c","yes","yes","move-to-labs","labs-external","deleted; no implementation port","none; Git history only","rollback checkpoint + SHA-256 + reference classification + artifact tests","source/reference checks and wheel/sdist negative allowlists pass","no"
"cryptography_suite/audit.py","cryptography_suite/","3b91acf25608eb2bb0e1e79867e09460ec789e46e210a3b0db65f1fe095f2631","yes","yes","rewrite","stable-rewrite","deleted; no implementation port","new RFC-approved src/cryptography_suite skeleton responsibility","rollback checkpoint + SHA-256 + reference classification + artifact tests","source/reference checks and wheel/sdist negative allowlists pass","no"
"cryptography_suite/cli.py","cryptography_suite/","f068fea0c65c6031348d71855697ed61b97d17a19527e446b0bf7304ba4d3e9b","yes","yes","rewrite","stable-rewrite","deleted; no implementation port","new RFC-approved src/cryptography_suite skeleton responsibility","rollback checkpoint + SHA-256 + reference classification + artifact tests","source/reference checks and wheel/sdist negative allowlists pass","no"
"cryptography_suite/codegen/__init__.py","cryptography_suite/","076937eac36dd51049df05fe8ce26e4bb74dc832faf80c60785de9daf587aa74","yes","yes","move-to-labs","labs-external","deleted; no implementation port","none; Git history only","rollback checkpoint + SHA-256 + reference classification + artifact tests","source/reference checks and wheel/sdist negative allowlists pass","no"
"cryptography_suite/codegen/templates/README.md.j2","cryptography_suite/","14fe0b2252eac0eecd4a81def9bacedbb13b51aa383126c7be3e43103a471e3c","yes","yes","move-to-labs","labs-external","deleted; no implementation port","none; Git history only","rollback checkpoint + SHA-256 + reference classification + artifact tests","source/reference checks and wheel/sdist negative allowlists pass","no"
"cryptography_suite/codegen/templates/fastapi/app.py.j2","cryptography_suite/","e59b57ab010a9461051387fe7be8f4d4bc458a7ae080e6f8326cc03c81b88737","yes","yes","move-to-labs","labs-external","deleted; no implementation port","none; Git history only","rollback checkpoint + SHA-256 + reference classification + artifact tests","source/reference checks and wheel/sdist negative allowlists pass","no"
"cryptography_suite/codegen/templates/flask/app.py.j2","cryptography_suite/","7939ea2bbc7028bd7156d175cd6b3ee6a9ee55140a21a7976f73b8633dd3d285","yes","yes","move-to-labs","labs-external","deleted; no implementation port","none; Git history only","rollback checkpoint + SHA-256 + reference classification + artifact tests","source/reference checks and wheel/sdist negative allowlists pass","no"
"cryptography_suite/codegen/templates/node/app.ts.j2","cryptography_suite/","9b05edb3d021a82e00a73023ef03697b2402bf985c3d6c1c19ac92c917a96458","yes","yes","move-to-labs","labs-external","deleted; no implementation port","none; Git history only","rollback checkpoint + SHA-256 + reference classification + artifact tests","source/reference checks and wheel/sdist negative allowlists pass","no"
"cryptography_suite/config.py","cryptography_suite/","c76fd384c6479a6446ddd02cec89dc5806d0adb332fd2d455c7edceb37421b54","yes","yes","rewrite","stable-rewrite","deleted; no implementation port","new RFC-approved src/cryptography_suite skeleton responsibility","rollback checkpoint + SHA-256 + reference classification + artifact tests","source/reference checks and wheel/sdist negative allowlists pass","no"
"cryptography_suite/constants.py","cryptography_suite/","b2af9dfcb4a637dcb758a18d9dc2ba7846f3301cfe9e7ed5654b73421703507d","yes","yes","rewrite","stable-rewrite","deleted; no implementation port","new RFC-approved src/cryptography_suite skeleton responsibility","rollback checkpoint + SHA-256 + reference classification + artifact tests","source/reference checks and wheel/sdist negative allowlists pass","no"
"cryptography_suite/core/__init__.py","cryptography_suite/","795f5894322cfd73956747fc5e96c54ba77d0eac0c309b2c89cbf33e5970c5af","yes","yes","rewrite","stable-rewrite","deleted; no implementation port","new RFC-approved src/cryptography_suite skeleton responsibility","rollback checkpoint + SHA-256 + reference classification + artifact tests","source/reference checks and wheel/sdist negative allowlists pass","no"
"cryptography_suite/core/errors.py","cryptography_suite/","4f72e68703d94d1828952a5c3c63c0454691f453f0a3e9a6bbcf26cca734de66","yes","yes","stable-core candidate","stable-rewrite","deleted; no implementation port","new RFC-approved src/cryptography_suite skeleton responsibility","rollback checkpoint + SHA-256 + reference classification + artifact tests","source/reference checks and wheel/sdist negative allowlists pass","no"
"cryptography_suite/core/logging.py","cryptography_suite/","62013e1ede0eef80563231baefb0ac144afa6a5e243eb6ad299e055998ff7e54","yes","yes","rewrite","stable-rewrite","deleted; no implementation port","new RFC-approved src/cryptography_suite skeleton responsibility","rollback checkpoint + SHA-256 + reference classification + artifact tests","source/reference checks and wheel/sdist negative allowlists pass","no"
"cryptography_suite/core/operations.py","cryptography_suite/","acbbdbd9cdeb74b3128f843e608b9cd000693b43599b69d95a4a1366b0346456","yes","yes","rewrite","stable-rewrite","deleted; no implementation port","new RFC-approved src/cryptography_suite skeleton responsibility","rollback checkpoint + SHA-256 + reference classification + artifact tests","source/reference checks and wheel/sdist negative allowlists pass","no"
"cryptography_suite/core/settings.py","cryptography_suite/","ea1ca2ac709ec02737cf0f050d7e89e4553940d3f386eca6a452281ac6f1d774","yes","yes","rewrite","stable-rewrite","deleted; no implementation port","new RFC-approved src/cryptography_suite skeleton responsibility","rollback checkpoint + SHA-256 + reference classification + artifact tests","source/reference checks and wheel/sdist negative allowlists pass","no"
"cryptography_suite/crypto_backends/__init__.py","cryptography_suite/","c2e50fb213de0de0480d8a06b81d0ee46313f20a70f633af915df85366e3f445","yes","yes","rewrite","stable-rewrite","deleted; no implementation port","new RFC-approved src/cryptography_suite skeleton responsibility","rollback checkpoint + SHA-256 + reference classification + artifact tests","source/reference checks and wheel/sdist negative allowlists pass","no"
"cryptography_suite/crypto_backends/abc.py","cryptography_suite/","8fd59408795223f41b42c295060fa62ef91e3a70d07cd4f75a2477389b2ebd8d","yes","yes","rewrite","stable-rewrite","deleted; no implementation port","new RFC-approved src/cryptography_suite skeleton responsibility","rollback checkpoint + SHA-256 + reference classification + artifact tests","source/reference checks and wheel/sdist negative allowlists pass","no"
"cryptography_suite/crypto_backends/pyca_backend.py","cryptography_suite/","82f9f3b62b74ef147c3decf1ed5a2655080813fd0dcf33a3e1771efa44295cf0","yes","yes","rewrite","stable-rewrite","deleted; no implementation port","new RFC-approved src/cryptography_suite skeleton responsibility","rollback checkpoint + SHA-256 + reference classification + artifact tests","source/reference checks and wheel/sdist negative allowlists pass","no"
"cryptography_suite/debug.py","cryptography_suite/","94fb55906dc0b42114353a9a285ec59a0555485bfb66a4d26e002bc3524a43ba","yes","yes","rewrite","stable-rewrite","deleted; no implementation port","new RFC-approved src/cryptography_suite skeleton responsibility","rollback checkpoint + SHA-256 + reference classification + artifact tests","source/reference checks and wheel/sdist negative allowlists pass","no"
"cryptography_suite/errors.py","cryptography_suite/","4f9befccee233d2e63b1a198860b60484151a659d127880747e81eda7e7e4e38","yes","yes","stable-core candidate","stable-rewrite","deleted; no implementation port","new RFC-approved src/cryptography_suite skeleton responsibility","rollback checkpoint + SHA-256 + reference classification + artifact tests","source/reference checks and wheel/sdist negative allowlists pass","no"
"cryptography_suite/exceptions.py","cryptography_suite/","efd69be3f3d3ca3b56d1704689ce6435ac6f9e02d5d97238f217bf01c892b8c7","yes","yes","stable-core candidate","stable-rewrite","deleted; no implementation port","new RFC-approved src/cryptography_suite skeleton responsibility","rollback checkpoint + SHA-256 + reference classification + artifact tests","source/reference checks and wheel/sdist negative allowlists pass","no"
"cryptography_suite/experimental/__init__.py","cryptography_suite/","33d2cb5443f1c894ebdac507e482cc149c6e454c19fae4752c75030775b74b01","yes","yes","move-to-labs","labs-external","deleted; no implementation port","none; Git history only","rollback checkpoint + SHA-256 + reference classification + artifact tests","source/reference checks and wheel/sdist negative allowlists pass","no"
"cryptography_suite/experimental/aes_gcm_sst.py","cryptography_suite/","1662bd97e3c368e6797da457eb89e992d95c73d3f4e751ceaa1641460bca2c90","yes","yes","move-to-labs","labs-external","deleted; no implementation port","none; Git history only","rollback checkpoint + SHA-256 + reference classification + artifact tests","source/reference checks and wheel/sdist negative allowlists pass","no"
"cryptography_suite/experimental/ascon.py","cryptography_suite/","52398d23729e2e201f5698a4c7e67267f9237fbef42a50d25be1eff2b48122c2","yes","yes","move-to-labs","labs-external","deleted; no implementation port","none; Git history only","rollback checkpoint + SHA-256 + reference classification + artifact tests","source/reference checks and wheel/sdist negative allowlists pass","no"
"cryptography_suite/experimental/fhe.py","cryptography_suite/","9de0c6b9cc166fc70746110b66ac24314bd055088a5bc137c1181bc2dc93978d","yes","yes","move-to-labs","labs-external","deleted; no implementation port","none; Git history only","rollback checkpoint + SHA-256 + reference classification + artifact tests","source/reference checks and wheel/sdist negative allowlists pass","no"
"cryptography_suite/experimental/salsa20.py","cryptography_suite/","05fa967d995032d6069e8a3c728434e3c65b732e3ef00555836243d1094f03ae","yes","yes","move-to-labs","labs-external","deleted; no implementation port","none; Git history only","rollback checkpoint + SHA-256 + reference classification + artifact tests","source/reference checks and wheel/sdist negative allowlists pass","no"
"cryptography_suite/experimental/signal_demo/__init__.py","cryptography_suite/","38cc2c764ab7f2225577937bcc98e1ff936c93f80dcd3db82219289f80025a82","yes","yes","move-to-labs","labs-external","deleted; no implementation port","none; Git history only","rollback checkpoint + SHA-256 + reference classification + artifact tests","source/reference checks and wheel/sdist negative allowlists pass","no"
"cryptography_suite/experimental/signal_demo/init_session.py","cryptography_suite/","0100ec8293d525e0b3b6e74d21d03086249ad668d927a50edc9b4293b40cc85e","yes","yes","move-to-labs","labs-external","deleted; no implementation port","none; Git history only","rollback checkpoint + SHA-256 + reference classification + artifact tests","source/reference checks and wheel/sdist negative allowlists pass","no"
"cryptography_suite/experimental/zk.py","cryptography_suite/","6f52fbfca60e40286756e564f0494ea8fea1749a0cd6bb3db814390de032e4a8","yes","yes","move-to-labs","labs-external","deleted; no implementation port","none; Git history only","rollback checkpoint + SHA-256 + reference classification + artifact tests","source/reference checks and wheel/sdist negative allowlists pass","no"
"cryptography_suite/hashing/__init__.py","cryptography_suite/","872c991b6814b6f824f705703f6d6901eae97ff4938263a50f0ffb0066a97cb2","yes","yes","move-to-labs","labs-external","deleted; no implementation port","none; Git history only","rollback checkpoint + SHA-256 + reference classification + artifact tests","source/reference checks and wheel/sdist negative allowlists pass","no"
"cryptography_suite/homomorphic.py","cryptography_suite/","d45b18d9a5adf47f62d6901d3fa71a76e7283496c49f506bd0cf3c848562f583","yes","yes","move-to-labs","labs-external","deleted; no implementation port","none; Git history only","rollback checkpoint + SHA-256 + reference classification + artifact tests","source/reference checks and wheel/sdist negative allowlists pass","no"
"cryptography_suite/hybrid.py","cryptography_suite/","c3046d6bdea3e9f77399c78946c39cbb389b6d904811e5daf686c11ac113090a","yes","yes","move-to-labs","labs-external","deleted; no implementation port","none; Git history only","rollback checkpoint + SHA-256 + reference classification + artifact tests","source/reference checks and wheel/sdist negative allowlists pass","no"
"cryptography_suite/keystores/__init__.py","cryptography_suite/","8b03fdd9f973184251b701ac6e82facf5dfc7bdba7f9838de122845d2b6e6148","yes","yes","rewrite","stable-rewrite","deleted; no implementation port","new RFC-approved src/cryptography_suite skeleton responsibility","rollback checkpoint + SHA-256 + reference classification + artifact tests","source/reference checks and wheel/sdist negative allowlists pass","no"
"cryptography_suite/keystores/aws_kms.py","cryptography_suite/","cc7b6554234b757a168338af287d6fab78461ff2ae616958cef27bad8f95db91","yes","yes","rewrite","stable-rewrite","deleted; no implementation port","new RFC-approved src/cryptography_suite skeleton responsibility","rollback checkpoint + SHA-256 + reference classification + artifact tests","source/reference checks and wheel/sdist negative allowlists pass","no"
"cryptography_suite/keystores/base.py","cryptography_suite/","91768b15585e76e48e4e85e8b126c21ce7d9be4e40fb96d3e1305ab6ce605067","yes","yes","rewrite","stable-rewrite","deleted; no implementation port","new RFC-approved src/cryptography_suite skeleton responsibility","rollback checkpoint + SHA-256 + reference classification + artifact tests","source/reference checks and wheel/sdist negative allowlists pass","no"
"cryptography_suite/keystores/local.py","cryptography_suite/","d50ef4b76dcb8294a1d55b6b0dcfda771adc89a2969c1222c9591d4cab3b4598","yes","yes","rewrite","stable-rewrite","deleted; no implementation port","new RFC-approved src/cryptography_suite skeleton responsibility","rollback checkpoint + SHA-256 + reference classification + artifact tests","source/reference checks and wheel/sdist negative allowlists pass","no"
"cryptography_suite/keystores/mock_hsm.py","cryptography_suite/","4e2a4e02fb0d1d72074ef76d35a6af71028ea088cb3c9d6b39135baf3bc23e5c","yes","yes","rewrite","stable-rewrite","deleted; no implementation port","new RFC-approved src/cryptography_suite skeleton responsibility","rollback checkpoint + SHA-256 + reference classification + artifact tests","source/reference checks and wheel/sdist negative allowlists pass","no"
"cryptography_suite/keystores/pkcs11.py","cryptography_suite/","1e0c3669afe9e98771b78bcf573004300763a10ac630928f540ae19522915307","yes","yes","rewrite","stable-rewrite","deleted; no implementation port","new RFC-approved src/cryptography_suite skeleton responsibility","rollback checkpoint + SHA-256 + reference classification + artifact tests","source/reference checks and wheel/sdist negative allowlists pass","no"
"cryptography_suite/legacy/__init__.py","cryptography_suite/","5acbe56ca0bdb51af6f2889e62186d58874b96a5c06c520e175915633696c27e","yes","yes","legacy-decrypt-only","legacy-deferred","deleted; no implementation port","src/cryptography_suite/legacy declarations only","rollback checkpoint + SHA-256 + reference classification + artifact tests","source/reference checks and wheel/sdist negative allowlists pass","no"
"cryptography_suite/nonce.py","cryptography_suite/","3078858ce55ca9a0d490b30712fefcfa7beebbcf312530d09a181be6f521ad68","yes","yes","move-to-labs","labs-external","deleted; no implementation port","none; Git history only","rollback checkpoint + SHA-256 + reference classification + artifact tests","source/reference checks and wheel/sdist negative allowlists pass","no"
"cryptography_suite/optional/__init__.py","cryptography_suite/","d30ab85f779814a17dcf6118f9b107eb03cf15a7a7734df0f2716b4999ff81b9","yes","yes","move-to-labs","labs-external","deleted; no implementation port","none; Git history only","rollback checkpoint + SHA-256 + reference classification + artifact tests","source/reference checks and wheel/sdist negative allowlists pass","no"
"cryptography_suite/optional/salsa20.py","cryptography_suite/","1e34221cb1efb0ff7887a7cc737bb15dcf5cadc8428162c8b3e0c462efaecb0a","yes","yes","move-to-labs","labs-external","deleted; no implementation port","none; Git history only","rollback checkpoint + SHA-256 + reference classification + artifact tests","source/reference checks and wheel/sdist negative allowlists pass","no"
"cryptography_suite/pipeline.py","cryptography_suite/","a03759d4afe38a1315d0d541eb3bad69af2affb305e591899b1d1804135f8b04","yes","yes","move-to-labs","labs-external","deleted; no implementation port","none; Git history only","rollback checkpoint + SHA-256 + reference classification + artifact tests","source/reference checks and wheel/sdist negative allowlists pass","no"
"cryptography_suite/pqc/__init__.py","cryptography_suite/","f5e78b3680d3509b1ffc86b9e6a662ecea9376d664c354c1aaf848aa5184b5ef","yes","yes","move-to-labs","labs-external","deleted; no implementation port","none; Git history only","rollback checkpoint + SHA-256 + reference classification + artifact tests","source/reference checks and wheel/sdist negative allowlists pass","no"
"cryptography_suite/protocols/__init__.py","cryptography_suite/","4360b15012d994e7ca2968d1ccb9113350af15bdbf29b112a2f1c0671291a5ec","yes","yes","move-to-labs","labs-external","deleted; no implementation port","none; Git history only","rollback checkpoint + SHA-256 + reference classification + artifact tests","source/reference checks and wheel/sdist negative allowlists pass","no"
"cryptography_suite/protocols/key_management.py","cryptography_suite/","a98d4133d65fe5f22a40bebf1506f0f6872e7286a930ae9fece4a38f2ebd024e","yes","yes","move-to-labs","labs-external","deleted; no implementation port","none; Git history only","rollback checkpoint + SHA-256 + reference classification + artifact tests","source/reference checks and wheel/sdist negative allowlists pass","no"
"cryptography_suite/protocols/otp.py","cryptography_suite/","726f08235c55267395743935c12ae5e24056fe70068e6d8db73ca23e440ee902","yes","yes","move-to-labs","labs-external","deleted; no implementation port","none; Git history only","rollback checkpoint + SHA-256 + reference classification + artifact tests","source/reference checks and wheel/sdist negative allowlists pass","no"
"cryptography_suite/protocols/pake.py","cryptography_suite/","ef3babd43d411ded9edfaeda44a37ce1dc5db9de85575efba2dfede7f92dfa93","yes","yes","move-to-labs","labs-external","deleted; no implementation port","none; Git history only","rollback checkpoint + SHA-256 + reference classification + artifact tests","source/reference checks and wheel/sdist negative allowlists pass","no"
"cryptography_suite/protocols/secret_sharing.py","cryptography_suite/","7c3b7496c40e92b2efafc9d3f2dedac7f5b785aa39635afe2d7070e64523bcbf","yes","yes","move-to-labs","labs-external","deleted; no implementation port","none; Git history only","rollback checkpoint + SHA-256 + reference classification + artifact tests","source/reference checks and wheel/sdist negative allowlists pass","no"
"cryptography_suite/py.typed","cryptography_suite/","e3b0c44298fc1c149afbf4c8996fb92427ae41e4649b934ca495991b7852b855","yes","yes","stable-core candidate","stable-rewrite","moved typing marker to canonical src package","src/cryptography_suite/py.typed","rollback checkpoint + SHA-256 + reference classification + artifact tests","py.typed present in 23-entry wheel and 40-entry sdist","yes, at canonical destination"
"cryptography_suite/rich_logging.py","cryptography_suite/","0fa07f8a0eff96e5c1e6e843658adecaeea04e4bdb8331e7c3fa079f0f2c95dd","yes","yes","rewrite","stable-rewrite","deleted; no implementation port","new RFC-approved src/cryptography_suite skeleton responsibility","rollback checkpoint + SHA-256 + reference classification + artifact tests","source/reference checks and wheel/sdist negative allowlists pass","no"
"cryptography_suite/symmetric/__init__.py","cryptography_suite/","cc6cf0b227c6fb808c2169189990330a0a3cf87de49ba130e13ce6c2601a02d6","yes","yes","rewrite","stable-rewrite","deleted; no implementation port","new RFC-approved src/cryptography_suite skeleton responsibility","rollback checkpoint + SHA-256 + reference classification + artifact tests","source/reference checks and wheel/sdist negative allowlists pass","no"
"cryptography_suite/symmetric/aes.py","cryptography_suite/","763d6cfdd03b18178525f95b516845f7d38744af626b2ee16a9bfa1201f0db0b","yes","yes","legacy-decrypt-only","legacy-deferred","deleted; no implementation port","src/cryptography_suite/legacy declarations only","rollback checkpoint + SHA-256 + reference classification + artifact tests","source/reference checks and wheel/sdist negative allowlists pass","no"
"cryptography_suite/symmetric/ascon.py","cryptography_suite/","1e34221cb1efb0ff7887a7cc737bb15dcf5cadc8428162c8b3e0c462efaecb0a","yes","yes","move-to-labs","labs-external","deleted; no implementation port","none; Git history only","rollback checkpoint + SHA-256 + reference classification + artifact tests","source/reference checks and wheel/sdist negative allowlists pass","no"
"cryptography_suite/symmetric/chacha.py","cryptography_suite/","247e44b9c06c7c42c59400c97a20b82b84f6eb92f2bf4fff3f5e59807aacc8b3","yes","yes","move-to-labs","labs-external","deleted; no implementation port","none; Git history only","rollback checkpoint + SHA-256 + reference classification + artifact tests","source/reference checks and wheel/sdist negative allowlists pass","no"
"cryptography_suite/symmetric/kdf.py","cryptography_suite/","fffd10b8e892d5a80e8ca0a0df1a5060dc72b67f4e97e827b9252cfea6dbaca8","yes","yes","rewrite","stable-rewrite","deleted; no implementation port","new RFC-approved src/cryptography_suite skeleton responsibility","rollback checkpoint + SHA-256 + reference classification + artifact tests","source/reference checks and wheel/sdist negative allowlists pass","no"
"cryptography_suite/utils.py","cryptography_suite/","4b4938c84b1d08aaa8cb6a5d57bc7ff771b65b2896f8eea565105d814d4892c6","yes","yes","rewrite","stable-rewrite","deleted; no implementation port","new RFC-approved src/cryptography_suite skeleton responsibility","rollback checkpoint + SHA-256 + reference classification + artifact tests","source/reference checks and wheel/sdist negative allowlists pass","no"
"cryptography_suite/viz/__init__.py","cryptography_suite/","660bfa190d3f7b6e986bd747c484722848d02de0f34e6ab7f301933f5394e835","yes","yes","move-to-labs","labs-external","deleted; no implementation port","none; Git history only","rollback checkpoint + SHA-256 + reference classification + artifact tests","source/reference checks and wheel/sdist negative allowlists pass","no"
"cryptography_suite/viz/export.py","cryptography_suite/","f1c1b6585892edff7cc7a992300bfe3a6a86b095989c903083ca3f5c79de25f4","yes","yes","move-to-labs","labs-external","deleted; no implementation port","none; Git history only","rollback checkpoint + SHA-256 + reference classification + artifact tests","source/reference checks and wheel/sdist negative allowlists pass","no"
"cryptography_suite/viz/widgets.py","cryptography_suite/","0cd826ea763b5ae33d7b887c2f763d610b70feef7a60bb7c5169794be52c1411","yes","yes","move-to-labs","labs-external","deleted; no implementation port","none; Git history only","rollback checkpoint + SHA-256 + reference classification + artifact tests","source/reference checks and wheel/sdist negative allowlists pass","no"
"cryptography_suite/x509.py","cryptography_suite/","f7e1a0cadf39ff938419a137e9be6772da9a741e922cd1d31d2f4bced6e03a19","yes","yes","move-to-labs","labs-external","deleted; no implementation port","none; Git history only","rollback checkpoint + SHA-256 + reference classification + artifact tests","source/reference checks and wheel/sdist negative allowlists pass","no"
"cryptography_suite/zk/__init__.py","cryptography_suite/","e25c8b658faaf815dcd0523f1523f89b8d3c18193baae09eb42311ef1025789a","yes","yes","move-to-labs","labs-external","deleted; no implementation port","none; Git history only","rollback checkpoint + SHA-256 + reference classification + artifact tests","source/reference checks and wheel/sdist negative allowlists pass","no"
"cryptography_suite/zk/bulletproof.py","cryptography_suite/","1f16f98935bf719d939b14e1ccfecc3c77b7ca8bc73407a7b7b680b7352ccae3","yes","yes","move-to-labs","labs-external","deleted; no implementation port","none; Git history only","rollback checkpoint + SHA-256 + reference classification + artifact tests","source/reference checks and wheel/sdist negative allowlists pass","no"
"cryptography_suite/zk/zksnark.py","cryptography_suite/","78be52b884f09e7bbebfc8a40cbf496842fbf75ed794a9de0c44c2ed45292ef2","yes","yes","move-to-labs","labs-external","deleted; no implementation port","none; Git history only","rollback checkpoint + SHA-256 + reference classification + artifact tests","source/reference checks and wheel/sdist negative allowlists pass","no"
"protocol/handshake.proto","protocol/","339e9f858db1891a52c2fd31831ff7afe966402f06813ca5fb1e065c220d782c","no","no","move-to-labs","labs-external","deleted; no implementation port","none; Git history only","rollback checkpoint + SHA-256 + reference classification + artifact tests","source/reference checks and wheel/sdist negative allowlists pass","no"
"src/crypto_suite/__init__.py","src/crypto_suite/","5a0577a39ca5956b6a872f3941a87c89c9d798e1a676a2cf7a66411cd0ebd946","no","no","delete/dead code","dead-delete","deleted; no implementation port","none; Git history only","rollback checkpoint + SHA-256 + reference classification + artifact tests","source/reference checks and wheel/sdist negative allowlists pass","no"
"src/crypto_suite/aead.py","src/crypto_suite/","baf1f879ac246906c7ad1801de9b98e10b78b4abcbb61f7f55550904a1057d1e","no","no","delete/dead code","dead-delete","deleted; no implementation port","none; Git history only","rollback checkpoint + SHA-256 + reference classification + artifact tests","source/reference checks and wheel/sdist negative allowlists pass","no"
"src/crypto_suite/experimental/__init__.py","src/crypto_suite/","f90df2d615c3f7f7984ff5d718b84f5e7597d59fee47929cbdce5d300facb423","no","no","delete/dead code","dead-delete","deleted; no implementation port","none; Git history only","rollback checkpoint + SHA-256 + reference classification + artifact tests","source/reference checks and wheel/sdist negative allowlists pass","no"
"src/crypto_suite/experimental/aes_gcm_sst.py","src/crypto_suite/","3ba0552fedb4bd5044a1f07016e3fae3472d061e7a18b540bb5c66ac73b2f291","no","no","delete/dead code","dead-delete","deleted; no implementation port","none; Git history only","rollback checkpoint + SHA-256 + reference classification + artifact tests","source/reference checks and wheel/sdist negative allowlists pass","no"
"src/crypto_suite/handshake.py","src/crypto_suite/","4783dae01d3aa67e5279118bfb0d699f095a30f36a1899ffe8f09dd21a4a0e56","no","no","delete/dead code","dead-delete","deleted; no implementation port","none; Git history only","rollback checkpoint + SHA-256 + reference classification + artifact tests","source/reference checks and wheel/sdist negative allowlists pass","no"
"src/crypto_suite/handshake_pb2.py","src/crypto_suite/","0ba525211bd98472d90af5569d91517856245081b07d63b1d5ebf17060955659","no","no","generated","labs-generated","deleted; no implementation port","none; Git history only","rollback checkpoint + SHA-256 + reference classification + artifact tests","source/reference checks and wheel/sdist negative allowlists pass","no"
"src/crypto_suite/nonce.py","src/crypto_suite/","ab742f05b5aea628780ba994d64a6f2a0db06e95970d0e5683585e8b6ba6bcd1","no","no","delete/dead code","dead-delete","deleted; no implementation port","none; Git history only","rollback checkpoint + SHA-256 + reference classification + artifact tests","source/reference checks and wheel/sdist negative allowlists pass","no"
"src/crypto_suite/utils/__init__.py","src/crypto_suite/","dff1d32fd6adf1838b82bffbd0aaf88751b6f6f79de4b74a80c1726032ad5fa5","no","no","delete/dead code","dead-delete","deleted; no implementation port","none; Git history only","rollback checkpoint + SHA-256 + reference classification + artifact tests","source/reference checks and wheel/sdist negative allowlists pass","no"
"src/crypto_suite/utils/zeroize.py","src/crypto_suite/","cf939b8f4c423dcc99ad0ca77053425e3234654369513ca8ff1021eac5b2cb08","no","no","delete/dead code","dead-delete","deleted; no implementation port","none; Git history only","rollback checkpoint + SHA-256 + reference classification + artifact tests","source/reference checks and wheel/sdist negative allowlists pass","no"
"src/cryptography_suite/__init__.py","src/cryptography_suite/","bd76af07c85f6d49118744f7d9f8175c545d5d382340505a6533dd100f613b54","no","no","rewrite","stable-rewrite","replaced dynamic wrapper with canonical 15-symbol facade","new RFC-approved src/cryptography_suite skeleton responsibility","rollback checkpoint + SHA-256 + reference classification + artifact tests","API/import/artifact tests pass; rollback checkpoint retained","yes, canonical replacement"
"src/cryptography_suite/cli/__init__.py","src/cryptography_suite/","e3b0c44298fc1c149afbf4c8996fb92427ae41e4649b934ca495991b7852b855","no","no","rewrite","stable-rewrite","deleted; no implementation port","new RFC-approved src/cryptography_suite skeleton responsibility","rollback checkpoint + SHA-256 + reference classification + artifact tests","source/reference checks and wheel/sdist negative allowlists pass","no"
"src/cryptography_suite/cli/migrate_keys.py","src/cryptography_suite/","8ca551653de1e4f433be3fdaead0cb993a207291cb3c0aab6f9f9425d3ef78c0","no","no","rewrite","stable-rewrite","deleted; no implementation port","new RFC-approved src/cryptography_suite skeleton responsibility","rollback checkpoint + SHA-256 + reference classification + artifact tests","source/reference checks and wheel/sdist negative allowlists pass","no"
"src/suite/__init__.py","src/suite/","d783c9249e34f8b5d6581362f16cc7be115c2fb331ad8491800960c6ba97a9cf","no","no","delete/dead code","dead-delete","deleted; no implementation port","none; Git history only","rollback checkpoint + SHA-256 + reference classification + artifact tests","source/reference checks and wheel/sdist negative allowlists pass","no"
"src/suite/experimental/__init__.py","src/suite/","a5664201a669d45ec0edda73bc1fbfd9b9aeff4c0f599426d4076b1e0c9f4e91","no","no","delete/dead code","dead-delete","deleted; no implementation port","none; Git history only","rollback checkpoint + SHA-256 + reference classification + artifact tests","source/reference checks and wheel/sdist negative allowlists pass","no"
"src/suite/utils/__init__.py","src/suite/","7bd71f2d3dd1bcf61953e7d28413d9876fc5db193d259a53502d188404b63489","no","no","delete/dead code","dead-delete","deleted; no implementation port","none; Git history only","rollback checkpoint + SHA-256 + reference classification + artifact tests","source/reference checks and wheel/sdist negative allowlists pass","no"
"src/suite/utils/warnings.py","src/suite/","723e52ecc0e481fc014f76514ef87a963843468626486a5ebb3c6dacd9eb18dd","no","no","delete/dead code","dead-delete","deleted; no implementation port","none; Git history only","rollback checkpoint + SHA-256 + reference classification + artifact tests","source/reference checks and wheel/sdist negative allowlists pass","no"
"tests\conftest.py","tests/","8dac47478f8372924410ab0f813630a2a2807fc9757e4878abfdc5e4ab61b12a","no","no","test/tooling","retire-if-subject-excluded","retired v3-only test or replaced by focused Phase 3 contract test","Phase 3 focused test suites","subject classified by RFC-0002/RFC-0008","subject disposition recorded; 25 focused Phase 3 tests pass","no"
"tests\test_aes_property.py","tests/","8e2ec124c18d55d3aa60d3d6fd7f1cc2c8bd08c9907dd41f261944c384b8e780","no","no","test/tooling","retire-if-subject-excluded","retired v3-only test or replaced by focused Phase 3 contract test","Phase 3 focused test suites","subject classified by RFC-0002/RFC-0008","subject disposition recorded; 25 focused Phase 3 tests pass","no"
"tests\test_architecture_hardening.py","tests/","f4b131d3d64abf5b2a80d8322204825ec412ece0488e07afe92aa4a56646d149","no","no","test/tooling","retire-if-subject-excluded","retired v3-only test or replaced by focused Phase 3 contract test","Phase 3 focused test suites","subject classified by RFC-0002/RFC-0008","subject disposition recorded; 25 focused Phase 3 tests pass","no"
"tests\test_ascon.py","tests/","621c7e7282e37bc6e28baf0c6f35d282c32823e64def75f623bb2f9627b62de3","no","no","test/tooling","retire-if-subject-excluded","retired v3-only test or replaced by focused Phase 3 contract test","Phase 3 focused test suites","subject classified by RFC-0002/RFC-0008","subject disposition recorded; 25 focused Phase 3 tests pass","no"
"tests\test_asymmetric.py","tests/","169dacc2406e4987424c04a929f96bcab651f242d696275787b243d48e8f1862","no","no","test/tooling","retire-if-subject-excluded","retired v3-only test or replaced by focused Phase 3 contract test","Phase 3 focused test suites","subject classified by RFC-0002/RFC-0008","subject disposition recorded; 25 focused Phase 3 tests pass","no"
"tests\test_async_file_format_streaming.py","tests/","52e53c5fe1dfbae35d8f5eeb70570188eac5fc940dc04678e06ee7277fcfde72","no","no","test/tooling","retire-if-subject-excluded","retired v3-only test or replaced by focused Phase 3 contract test","Phase 3 focused test suites","subject classified by RFC-0002/RFC-0008","subject disposition recorded; 25 focused Phase 3 tests pass","no"
"tests\test_audit_freezegun.py","tests/","22b39e6e93f137219f19ccb4f8fcbfd165907ac649b9e633ae4205c6add61d94","no","no","test/tooling","retire-if-subject-excluded","retired v3-only test or replaced by focused Phase 3 contract test","Phase 3 focused test suites","subject classified by RFC-0002/RFC-0008","subject disposition recorded; 25 focused Phase 3 tests pass","no"
"tests\test_audit.py","tests/","1d15411ac1ceb23b713cc1e9d0c3236d0526ca3882db590916a9799052caa850","no","no","test/tooling","retire-if-subject-excluded","retired v3-only test or replaced by focused Phase 3 contract test","Phase 3 focused test suites","subject classified by RFC-0002/RFC-0008","subject disposition recorded; 25 focused Phase 3 tests pass","no"
"tests\test_aws_kms_keystore.py","tests/","65392515691e110fdac246426d1e9c2838aa8abd87982f4835b7b7216a2b7ff4","no","no","test/tooling","retire-if-subject-excluded","retired v3-only test or replaced by focused Phase 3 contract test","Phase 3 focused test suites","subject classified by RFC-0002/RFC-0008","subject disposition recorded; 25 focused Phase 3 tests pass","no"
"tests\test_backend_consistency.py","tests/","5d6c7dbc0baf0e4b43fae4774d9fc89001f529db07fc36bc7f4a36945f6fc53f","no","no","test/tooling","retire-if-subject-excluded","retired v3-only test or replaced by focused Phase 3 contract test","Phase 3 focused test suites","subject classified by RFC-0002/RFC-0008","subject disposition recorded; 25 focused Phase 3 tests pass","no"
"tests\test_backends.py","tests/","a9bf1b731c2c47c2ed1cae5aa829a6598b039b0cc7f03621360d8190aa4daac5","no","no","test/tooling","retire-if-subject-excluded","retired v3-only test or replaced by focused Phase 3 contract test","Phase 3 focused test suites","subject classified by RFC-0002/RFC-0008","subject disposition recorded; 25 focused Phase 3 tests pass","no"
"tests\test_bls.py","tests/","26cc1d7e53ab563aa7de496b1f9bb8e951b868905eaf688530d5c52c7c8ba37d","no","no","test/tooling","retire-if-subject-excluded","retired v3-only test or replaced by focused Phase 3 contract test","Phase 3 focused test suites","subject classified by RFC-0002/RFC-0008","subject disposition recorded; 25 focused Phase 3 tests pass","no"
"tests\test_bulletproof_stub.py","tests/","13b25713c382bc78332917d4e72f1b1f249a70393af74c63041ea32c02858622","no","no","test/tooling","retire-if-subject-excluded","retired v3-only test or replaced by focused Phase 3 contract test","Phase 3 focused test suites","subject classified by RFC-0002/RFC-0008","subject disposition recorded; 25 focused Phase 3 tests pass","no"
"tests\test_bulletproof.py","tests/","d868eed31ce5f4854515cc8cb883fb80ca4f0b27c18a951bb98df1d9f6fb9e9b","no","no","test/tooling","retire-if-subject-excluded","retired v3-only test or replaced by focused Phase 3 contract test","Phase 3 focused test suites","subject classified by RFC-0002/RFC-0008","subject disposition recorded; 25 focused Phase 3 tests pass","no"
"tests\test_cli_backends.py","tests/","145ada8188f692ba8aa8addfd38a17dbf3e9f63a0cc350634ecb1bb59681540d","no","no","test/tooling","retire-if-subject-excluded","retired v3-only test or replaced by focused Phase 3 contract test","Phase 3 focused test suites","subject classified by RFC-0002/RFC-0008","subject disposition recorded; 25 focused Phase 3 tests pass","no"
"tests\test_cli_export.py","tests/","4e1e1487a0e76935c807f28931aca49ee90b800f96b127795f477f3faff919f6","no","no","test/tooling","retire-if-subject-excluded","retired v3-only test or replaced by focused Phase 3 contract test","Phase 3 focused test suites","subject classified by RFC-0002/RFC-0008","subject disposition recorded; 25 focused Phase 3 tests pass","no"
"tests\test_cli_file_roundtrip.py","tests/","134846ec74c5a86f282ba02e9791274dfee4cf7b4e9e80d59c137f1a0c94ffc8","no","no","test/tooling","retire-if-subject-excluded","retired v3-only test or replaced by focused Phase 3 contract test","Phase 3 focused test suites","subject classified by RFC-0002/RFC-0008","subject disposition recorded; 25 focused Phase 3 tests pass","no"
"tests\test_cli_file.py","tests/","0eaa19c5a800abc1bee54d6f80b49aacd74cce2578cb653abe3fc8fe9d98c96d","no","no","test/tooling","retire-if-subject-excluded","retired v3-only test or replaced by focused Phase 3 contract test","Phase 3 focused test suites","subject classified by RFC-0002/RFC-0008","subject disposition recorded; 25 focused Phase 3 tests pass","no"
"tests\test_cli_gen.py","tests/","ca82972764989b72dbfd7ac117815c75b5d09e5ea17d99299b86c89b233e8ce0","no","no","test/tooling","retire-if-subject-excluded","retired v3-only test or replaced by focused Phase 3 contract test","Phase 3 focused test suites","subject classified by RFC-0002/RFC-0008","subject disposition recorded; 25 focused Phase 3 tests pass","no"
"tests\test_cli_help.py","tests/","92db24b8694852eea162b61ef9144cdbe2df57e4ebe75ea1f992281c86e817a4","no","no","test/tooling","retire-if-subject-excluded","retired v3-only test or replaced by focused Phase 3 contract test","Phase 3 focused test suites","subject classified by RFC-0002/RFC-0008","subject disposition recorded; 25 focused Phase 3 tests pass","no"
"tests\test_cli_integration.py","tests/","0754626f698b3533aefc480ee2b94cf9e23924801ee056105c37e23ff03a9652","no","no","test/tooling","retire-if-subject-excluded","retired v3-only test or replaced by focused Phase 3 contract test","Phase 3 focused test suites","subject classified by RFC-0002/RFC-0008","subject disposition recorded; 25 focused Phase 3 tests pass","no"
"tests\test_cli_main.py","tests/","c5968123ae01f1a0d588c9b4b9a345d17fffed987ece403cde68821ee3b01009","no","no","test/tooling","retire-if-subject-excluded","retired v3-only test or replaced by focused Phase 3 contract test","Phase 3 focused test suites","subject classified by RFC-0002/RFC-0008","subject disposition recorded; 25 focused Phase 3 tests pass","no"
"tests\test_cli_optional.py","tests/","e705647f16b2e57c00643c3a4703b3d32208c5f29edbdf28c1c75568baeb74d7","no","no","test/tooling","retire-if-subject-excluded","retired v3-only test or replaced by focused Phase 3 contract test","Phase 3 focused test suites","subject classified by RFC-0002/RFC-0008","subject disposition recorded; 25 focused Phase 3 tests pass","no"
"tests\test_core_errors_unit.py","tests/","3a0647e8db4f75413e0b5c8cad86550c267d9b5ed2c1b8d1d96bbf3c86f030e5","no","no","test/tooling","retire-if-subject-excluded","retired v3-only test or replaced by focused Phase 3 contract test","Phase 3 focused test suites","subject classified by RFC-0002/RFC-0008","subject disposition recorded; 25 focused Phase 3 tests pass","no"
"tests\test_core_settings_layers.py","tests/","7b1166646b160051c3994d810d82c1ad52de82b8098614551800b7fe3aa7ea09","no","no","test/tooling","retire-if-subject-excluded","retired v3-only test or replaced by focused Phase 3 contract test","Phase 3 focused test suites","subject classified by RFC-0002/RFC-0008","subject disposition recorded; 25 focused Phase 3 tests pass","no"
"tests\test_dependency_metadata.py","tests/","2f6524f42a86b723b8233fd9a5f5907bb152c8473bee2f0c7ad7da28975dcc39","no","no","test/tooling","retire-if-subject-excluded","retired v3-only test or replaced by focused Phase 3 contract test","Phase 3 focused test suites","subject classified by RFC-0002/RFC-0008","subject disposition recorded; 25 focused Phase 3 tests pass","no"
"tests\test_docs_claims.py","tests/","4c1708e6e53819325836f3b8b2844e1169a2ab02cc383c17f6e14c36e7033e45","no","no","test/tooling","retire-if-subject-excluded","retired v3-only test or replaced by focused Phase 3 contract test","Phase 3 focused test suites","subject classified by RFC-0002/RFC-0008","subject disposition recorded; 25 focused Phase 3 tests pass","no"
"tests\test_ecies_property.py","tests/","621d2fd0a9a583563b34031688d4c661d902a3b63b883c8f7b740a55e7c4fdc9","no","no","test/tooling","retire-if-subject-excluded","retired v3-only test or replaced by focused Phase 3 contract test","Phase 3 focused test suites","subject classified by RFC-0002/RFC-0008","subject disposition recorded; 25 focused Phase 3 tests pass","no"
"tests\test_encryption.py","tests/","84a39c5b51d3ab2660db7b38409856062b48e0bf17acfbcfa18283aa2125edf6","no","no","test/tooling","retire-if-subject-excluded","retired v3-only test or replaced by focused Phase 3 contract test","Phase 3 focused test suites","subject classified by RFC-0002/RFC-0008","subject disposition recorded; 25 focused Phase 3 tests pass","no"
"tests\test_entry_points.py","tests/","0444a668b08aa2e83e537d680dc193e0912cf9ef4590761d7444f313bab20e06","no","no","test/tooling","retire-if-subject-excluded","retired v3-only test or replaced by focused Phase 3 contract test","Phase 3 focused test suites","subject classified by RFC-0002/RFC-0008","subject disposition recorded; 25 focused Phase 3 tests pass","no"
"tests\test_errors.py","tests/","caa7288bc26ffab64b6705e1a1fa8b63ee73057833751ffc102ed2ed84296438","no","no","test/tooling","retire-if-subject-excluded","retired v3-only test or replaced by focused Phase 3 contract test","Phase 3 focused test suites","subject classified by RFC-0002/RFC-0008","subject disposition recorded; 25 focused Phase 3 tests pass","no"
"tests\test_experimental_loading.py","tests/","f056b2b7cf93f0f2c7e1093b5b1f090c8ed5c770961dc0de3969522cba336417","no","no","test/tooling","retire-if-subject-excluded","retired v3-only test or replaced by focused Phase 3 contract test","Phase 3 focused test suites","subject classified by RFC-0002/RFC-0008","subject disposition recorded; 25 focused Phase 3 tests pass","no"
"tests\test_experimental_warning.py","tests/","8171a52850b5e6341f21ad3ab60387273fef56fa34b9afea3f6d5fa31f16b2fc","no","no","test/tooling","retire-if-subject-excluded","retired v3-only test or replaced by focused Phase 3 contract test","Phase 3 focused test suites","subject classified by RFC-0002/RFC-0008","subject disposition recorded; 25 focused Phase 3 tests pass","no"
"tests\test_file_format_streaming.py","tests/","ddfe771b79574389843630a921647a1c6974d53dcad3a3a3675b8b83745cb6e1","no","no","test/tooling","retire-if-subject-excluded","retired v3-only test or replaced by focused Phase 3 contract test","Phase 3 focused test suites","subject classified by RFC-0002/RFC-0008","subject disposition recorded; 25 focused Phase 3 tests pass","no"
"tests\test_gcm_limits.py","tests/","db7f6842760457ca05c6883e56afd3837d64c3fef0822db0ac4fa95b256b5528","no","no","test/tooling","retire-if-subject-excluded","retired v3-only test or replaced by focused Phase 3 contract test","Phase 3 focused test suites","subject classified by RFC-0002/RFC-0008","subject disposition recorded; 25 focused Phase 3 tests pass","no"
"tests\test_gcm_sst.py","tests/","e0149e34247f2777237b22278247102a210dc873addb31429beb50ed07be105d","no","no","test/tooling","retire-if-subject-excluded","retired v3-only test or replaced by focused Phase 3 contract test","Phase 3 focused test suites","subject classified by RFC-0002/RFC-0008","subject disposition recorded; 25 focused Phase 3 tests pass","no"
"tests\test_hashing.py","tests/","c82827b09e4785585476455788548b896712ee3823485435fb3a993e499a0e48","no","no","test/tooling","retire-if-subject-excluded","retired v3-only test or replaced by focused Phase 3 contract test","Phase 3 focused test suites","subject classified by RFC-0002/RFC-0008","subject disposition recorded; 25 focused Phase 3 tests pass","no"
"tests\test_homomorphic_edgecases.py","tests/","ce635fff1062101b904ad3c8debc958d70f44acce29f870b769ed3f5ee4db9c9","no","no","test/tooling","retire-if-subject-excluded","retired v3-only test or replaced by focused Phase 3 contract test","Phase 3 focused test suites","subject classified by RFC-0002/RFC-0008","subject disposition recorded; 25 focused Phase 3 tests pass","no"
"tests\test_homomorphic_extra.py","tests/","76a06d2ca0abc1438b25236644a309b91b01cc4e0033fae0e0f8efc8e8969ddf","no","no","test/tooling","retire-if-subject-excluded","retired v3-only test or replaced by focused Phase 3 contract test","Phase 3 focused test suites","subject classified by RFC-0002/RFC-0008","subject disposition recorded; 25 focused Phase 3 tests pass","no"
"tests\test_homomorphic.py","tests/","6034fc8114eefb803cc997edc7c8cac78708accbed0498897c64caf32313104d","no","no","test/tooling","retire-if-subject-excluded","retired v3-only test or replaced by focused Phase 3 contract test","Phase 3 focused test suites","subject classified by RFC-0002/RFC-0008","subject disposition recorded; 25 focused Phase 3 tests pass","no"
"tests\test_hybrid.py","tests/","474a96e23138b0788d2b218e24d19a6b576419c2048ce52785f621bf37fe3226","no","no","test/tooling","retire-if-subject-excluded","retired v3-only test or replaced by focused Phase 3 contract test","Phase 3 focused test suites","subject classified by RFC-0002/RFC-0008","subject disposition recorded; 25 focused Phase 3 tests pass","no"
"tests\test_interfaces_full.py","tests/","0009cdb31872ece823760bcccc81dd57cad9b9703bc664f4b8b2547e1abd1d71","no","no","test/tooling","retire-if-subject-excluded","retired v3-only test or replaced by focused Phase 3 contract test","Phase 3 focused test suites","subject classified by RFC-0002/RFC-0008","subject disposition recorded; 25 focused Phase 3 tests pass","no"
"tests\test_kdf_functions.py","tests/","addbb3c3c938747aa2101941b30ba513865db723fa0cd43e6d1e0b4a9f3c68f8","no","no","test/tooling","retire-if-subject-excluded","retired v3-only test or replaced by focused Phase 3 contract test","Phase 3 focused test suites","subject classified by RFC-0002/RFC-0008","subject disposition recorded; 25 focused Phase 3 tests pass","no"
"tests\test_kem_negotiation.py","tests/","27ccdf5771e36510073a90afd0a7e71069abaf84fe155755b8a2a010348f11c2","no","no","test/tooling","retire-if-subject-excluded","retired v3-only test or replaced by focused Phase 3 contract test","Phase 3 focused test suites","subject classified by RFC-0002/RFC-0008","subject disposition recorded; 25 focused Phase 3 tests pass","no"
"tests\test_key_management.py","tests/","7c97820a5b4e10ff49f6a9e6789495f6b38bb3919c18c309a795346396acf67f","no","no","test/tooling","retire-if-subject-excluded","retired v3-only test or replaced by focused Phase 3 contract test","Phase 3 focused test suites","subject classified by RFC-0002/RFC-0008","subject disposition recorded; 25 focused Phase 3 tests pass","no"
"tests\test_key_manager_class.py","tests/","8fd8bc5a0bb01999255932142d7bebb1328d5950af5d9e9b3f4026df6a5b3006","no","no","test/tooling","retire-if-subject-excluded","retired v3-only test or replaced by focused Phase 3 contract test","Phase 3 focused test suites","subject classified by RFC-0002/RFC-0008","subject disposition recorded; 25 focused Phase 3 tests pass","no"
"tests\test_keystore_cli_capabilities.py","tests/","de22445925b139cf613b0664bd55adc07f2e3ecaf6435f654744599925a152e9","no","no","test/tooling","retire-if-subject-excluded","retired v3-only test or replaced by focused Phase 3 contract test","Phase 3 focused test suites","subject classified by RFC-0002/RFC-0008","subject disposition recorded; 25 focused Phase 3 tests pass","no"
"tests\test_keystore_migrate.py","tests/","1643df2517e536b778d7426febf6a054b326c11d82d43af09e702c47ae1e12bd","no","no","test/tooling","retire-if-subject-excluded","retired v3-only test or replaced by focused Phase 3 contract test","Phase 3 focused test suites","subject classified by RFC-0002/RFC-0008","subject disposition recorded; 25 focused Phase 3 tests pass","no"
"tests\test_keystore_plugins.py","tests/","c23161f141ec66fc6180f1155e0f4234e1cec46ae3fb5581ef42935f7e4c4517","no","no","test/tooling","retire-if-subject-excluded","retired v3-only test or replaced by focused Phase 3 contract test","Phase 3 focused test suites","subject classified by RFC-0002/RFC-0008","subject disposition recorded; 25 focused Phase 3 tests pass","no"
"tests\test_local_add_key.py","tests/","d424c648325295485cd15be80b92268c42964fd9a36b266eaa564bad35c19e2d","no","no","test/tooling","retire-if-subject-excluded","retired v3-only test or replaced by focused Phase 3 contract test","Phase 3 focused test suites","subject classified by RFC-0002/RFC-0008","subject disposition recorded; 25 focused Phase 3 tests pass","no"
"tests\test_migrate_keys.py","tests/","d8faf55104b52a76717065a289d4fd6ef778bb4d2fa7f5609256c2a551c6319b","no","no","test/tooling","retire-if-subject-excluded","retired v3-only test or replaced by focused Phase 3 contract test","Phase 3 focused test suites","subject classified by RFC-0002/RFC-0008","subject disposition recorded; 25 focused Phase 3 tests pass","no"
"tests\test_migration_oneshot_to_pipeline.py","tests/","34c1d7e9b2371da4cb71d3fe82eaec6d1cb9d5173370b4bf7d4c6012723d881e","no","no","test/tooling","retire-if-subject-excluded","retired v3-only test or replaced by focused Phase 3 contract test","Phase 3 focused test suites","subject classified by RFC-0002/RFC-0008","subject disposition recorded; 25 focused Phase 3 tests pass","no"
"tests\test_mypy_plugin.py","tests/","bf820b83816925ff3941248bda0023acd8c8e3434eaec791508adb6758e1717a","no","no","test/tooling","retire-if-subject-excluded","retired v3-only test or replaced by focused Phase 3 contract test","Phase 3 focused test suites","subject classified by RFC-0002/RFC-0008","subject disposition recorded; 25 focused Phase 3 tests pass","no"
"tests\test_no_new_oneshot.py","tests/","2b539083a42d74c1a4cac2e18377c1256e96ac7d0fab32bad51665b876221f87","no","no","test/tooling","retire-if-subject-excluded","retired v3-only test or replaced by focused Phase 3 contract test","Phase 3 focused test suites","subject classified by RFC-0002/RFC-0008","subject disposition recorded; 25 focused Phase 3 tests pass","no"
"tests\test_nonce_manager.py","tests/","12f909a038ee2b766c9d43a22b884f7cdbe973606548471b42268144942f029d","no","no","test/tooling","retire-if-subject-excluded","retired v3-only test or replaced by focused Phase 3 contract test","Phase 3 focused test suites","subject classified by RFC-0002/RFC-0008","subject disposition recorded; 25 focused Phase 3 tests pass","no"
"tests\test_operations_hardening.py","tests/","fdbfd5c785508d5dd310d5e73d8c7bbec060549a2d8d05b8d57e4a4d2368fa80","no","no","test/tooling","retire-if-subject-excluded","retired v3-only test or replaced by focused Phase 3 contract test","Phase 3 focused test suites","subject classified by RFC-0002/RFC-0008","subject disposition recorded; 25 focused Phase 3 tests pass","no"
"tests\test_optional_features_missing.py","tests/","8f587deed0f44123484b0af75d0371abe5ff528bf8951a187f94903dca9a9480","no","no","test/tooling","retire-if-subject-excluded","retired v3-only test or replaced by focused Phase 3 contract test","Phase 3 focused test suites","subject classified by RFC-0002/RFC-0008","subject disposition recorded; 25 focused Phase 3 tests pass","no"
"tests\test_otp_vectors.py","tests/","0a495852e37d4e67aa02dfb38e67a89157280475bbf9b9bf4cbc68f5da4949e5","no","no","test/tooling","retire-if-subject-excluded","retired v3-only test or replaced by focused Phase 3 contract test","Phase 3 focused test suites","subject classified by RFC-0002/RFC-0008","subject disposition recorded; 25 focused Phase 3 tests pass","no"
"tests\test_otp.py","tests/","2b97fa60b48986949dbf2d2d9c497b4d450952baf91cfce5289c66bac3e98ca8","no","no","test/tooling","retire-if-subject-excluded","retired v3-only test or replaced by focused Phase 3 contract test","Phase 3 focused test suites","subject classified by RFC-0002/RFC-0008","subject disposition recorded; 25 focused Phase 3 tests pass","no"
"tests\test_package_init.py","tests/","28d10f158ec2cb72d7714e9de7a5342e77bb1fca4ea9d75184f801cdd3c073b2","no","no","test/tooling","retire-if-subject-excluded","retired v3-only test or replaced by focused Phase 3 contract test","Phase 3 focused test suites","subject classified by RFC-0002/RFC-0008","subject disposition recorded; 25 focused Phase 3 tests pass","no"
"tests\test_pake.py","tests/","951c083d36aa7bff2049644c678b215a157ca25bb9177c7e2ad1dd83c9e53040","no","no","test/tooling","retire-if-subject-excluded","retired v3-only test or replaced by focused Phase 3 contract test","Phase 3 focused test suites","subject classified by RFC-0002/RFC-0008","subject disposition recorded; 25 focused Phase 3 tests pass","no"
"tests\test_pipeline_export.py","tests/","8928c49d2b608fc67ebcab032cd9fb3e5978e02b735afc2f9b17244ce34271f3","no","no","test/tooling","retire-if-subject-excluded","retired v3-only test or replaced by focused Phase 3 contract test","Phase 3 focused test suites","subject classified by RFC-0002/RFC-0008","subject disposition recorded; 25 focused Phase 3 tests pass","no"
"tests\test_pipeline_property.py","tests/","d4d9c9a2cb720f37f79faa4f4b91d0aef91274257cb189ed8871cb07fa45b1db","no","no","test/tooling","retire-if-subject-excluded","retired v3-only test or replaced by focused Phase 3 contract test","Phase 3 focused test suites","subject classified by RFC-0002/RFC-0008","subject disposition recorded; 25 focused Phase 3 tests pass","no"
"tests\test_pipeline_roundtrip_property.py","tests/","e296b5068bffd8a1a423c5332044436714e68a86840d9d4d031f897cb0d08a4a","no","no","test/tooling","retire-if-subject-excluded","retired v3-only test or replaced by focused Phase 3 contract test","Phase 3 focused test suites","subject classified by RFC-0002/RFC-0008","subject disposition recorded; 25 focused Phase 3 tests pass","no"
"tests\test_pipeline.py","tests/","935ffdb272e17db386a4d32660e585f890fc1313024d38634054b97950610e3a","no","no","test/tooling","retire-if-subject-excluded","retired v3-only test or replaced by focused Phase 3 contract test","Phase 3 focused test suites","subject classified by RFC-0002/RFC-0008","subject disposition recorded; 25 focused Phase 3 tests pass","no"
"tests\test_pkcs11_keystore.py","tests/","c4aaa5a1d82013aba2b814eed19b2c4f60ce461b1fd1d8714e90d979d1c88607","no","no","test/tooling","retire-if-subject-excluded","retired v3-only test or replaced by focused Phase 3 contract test","Phase 3 focused test suites","subject classified by RFC-0002/RFC-0008","subject disposition recorded; 25 focused Phase 3 tests pass","no"
"tests\test_pqc_stubs.py","tests/","b9cbde7b3c32dba2ff95cbc3811d5e26a58f17d3823059ba20b70abfc7af8423","no","no","test/tooling","retire-if-subject-excluded","retired v3-only test or replaced by focused Phase 3 contract test","Phase 3 focused test suites","subject classified by RFC-0002/RFC-0008","subject disposition recorded; 25 focused Phase 3 tests pass","no"
"tests\test_pqc.py","tests/","3ae52dfaacc715d7582ec9b514d6cb2113d9463948a47fda72e381dd79383a98","no","no","test/tooling","retire-if-subject-excluded","retired v3-only test or replaced by focused Phase 3 contract test","Phase 3 focused test suites","subject classified by RFC-0002/RFC-0008","subject disposition recorded; 25 focused Phase 3 tests pass","no"
"tests\test_public_api.py","tests/","d041a534c6b748cdf4a89381985f82a10be0bed86913d8df50b58730abc8acf7","no","no","test/tooling","retire-if-subject-excluded","retired v3-only test or replaced by focused Phase 3 contract test","Phase 3 focused test suites","subject classified by RFC-0002/RFC-0008","subject disposition recorded; 25 focused Phase 3 tests pass","no"
"tests\test_readme_snippet.py","tests/","9de689851d6ecd913a348f5360f8c45c28413ec89c040ba327d35eea8607648a","no","no","test/tooling","retire-if-subject-excluded","retired v3-only test or replaced by focused Phase 3 contract test","Phase 3 focused test suites","subject classified by RFC-0002/RFC-0008","subject disposition recorded; 25 focused Phase 3 tests pass","no"
"tests\test_release_lint.py","tests/","837131dd74ddbe074091e7a480b2c89705ab8db768a4735a647dad0d6adf388d","no","no","test/tooling","retire-if-subject-excluded","retired v3-only test or replaced by focused Phase 3 contract test","Phase 3 focused test suites","subject classified by RFC-0002/RFC-0008","subject disposition recorded; 25 focused Phase 3 tests pass","no"
"tests\test_root_exports.py","tests/","c5aaa7e3ac25e2364833e1db9831b4ca29564664097eea333cd9f6f4abc9529b","no","no","test/tooling","retire-if-subject-excluded","retired v3-only test or replaced by focused Phase 3 contract test","Phase 3 focused test suites","subject classified by RFC-0002/RFC-0008","subject disposition recorded; 25 focused Phase 3 tests pass","no"
"tests\test_rsa_property.py","tests/","3c308ae0ad5e0348ac5a6a7ca87c67d5bc22b3e0e568529bd411909fa15d9039","no","no","test/tooling","retire-if-subject-excluded","retired v3-only test or replaced by focused Phase 3 contract test","Phase 3 focused test suites","subject classified by RFC-0002/RFC-0008","subject disposition recorded; 25 focused Phase 3 tests pass","no"
"tests\test_secret_output_redaction.py","tests/","9c9ab7517126f0362a09f3c234947a45b353a9a0b44d591f47acc49b6893f22b","no","no","test/tooling","retire-if-subject-excluded","retired v3-only test or replaced by focused Phase 3 contract test","Phase 3 focused test suites","subject classified by RFC-0002/RFC-0008","subject disposition recorded; 25 focused Phase 3 tests pass","no"
"tests\test_secret_sharing.py","tests/","741352470366e87afa2587e725ee226b8e15a9f54b43c3235f83b29bf8f9dc7b","no","no","test/tooling","retire-if-subject-excluded","retired v3-only test or replaced by focused Phase 3 contract test","Phase 3 focused test suites","subject classified by RFC-0002/RFC-0008","subject disposition recorded; 25 focused Phase 3 tests pass","no"
"tests\test_signal_protocol.py","tests/","0716927b5062b1666867cd3c30370506487f7f1df67cc3c40ae6c89d98e6e604","no","no","test/tooling","retire-if-subject-excluded","retired v3-only test or replaced by focused Phase 3 contract test","Phase 3 focused test suites","subject classified by RFC-0002/RFC-0008","subject disposition recorded; 25 focused Phase 3 tests pass","no"
"tests\test_signatures.py","tests/","cebc73454ab92e51ef34166f6471aa529ebca6c0a61f5256c14663b7df805b6c","no","no","test/tooling","retire-if-subject-excluded","retired v3-only test or replaced by focused Phase 3 contract test","Phase 3 focused test suites","subject classified by RFC-0002/RFC-0008","subject disposition recorded; 25 focused Phase 3 tests pass","no"
"tests\test_stream_ciphers.py","tests/","76d880c5830561fcec4e41f6575fecb3d879d282a7632a16913d4d0c1e8e4302","no","no","test/tooling","retire-if-subject-excluded","retired v3-only test or replaced by focused Phase 3 contract test","Phase 3 focused test suites","subject classified by RFC-0002/RFC-0008","subject disposition recorded; 25 focused Phase 3 tests pass","no"
"tests\test_strict_key_policy.py","tests/","60e016ff60f3040514a64e429a373d450fe383d63712cd59e6fb84610b202d9b","no","no","test/tooling","retire-if-subject-excluded","retired v3-only test or replaced by focused Phase 3 contract test","Phase 3 focused test suites","subject classified by RFC-0002/RFC-0008","subject disposition recorded; 25 focused Phase 3 tests pass","no"
"tests\test_utils.py","tests/","ec08ccb2c7a655f5613c4b6b3c5649c128697755bbf84879d2bd50f0f8c79605","no","no","test/tooling","retire-if-subject-excluded","retired v3-only test or replaced by focused Phase 3 contract test","Phase 3 focused test suites","subject classified by RFC-0002/RFC-0008","subject disposition recorded; 25 focused Phase 3 tests pass","no"
"tests\test_verbose_logging.py","tests/","f85bb9a62dff1a733d2bb91b8393a3b9d2b7a0f494e4598e4a321948beb40554","no","no","test/tooling","retire-if-subject-excluded","retired v3-only test or replaced by focused Phase 3 contract test","Phase 3 focused test suites","subject classified by RFC-0002/RFC-0008","subject disposition recorded; 25 focused Phase 3 tests pass","no"
"tests\test_verbose.py","tests/","35e3ddb399e01833061761f8a790889ef84bb467c98cff8efa5fd06ed9c5575f","no","no","test/tooling","retire-if-subject-excluded","retired v3-only test or replaced by focused Phase 3 contract test","Phase 3 focused test suites","subject classified by RFC-0002/RFC-0008","subject disposition recorded; 25 focused Phase 3 tests pass","no"
"tests\test_verify_artifact.py","tests/","c57029b8576b28b94cf468b96ea8fd6afa7c131dc42e126df5555392c7337a13","no","no","test/tooling","retire-if-subject-excluded","retired v3-only test or replaced by focused Phase 3 contract test","Phase 3 focused test suites","subject classified by RFC-0002/RFC-0008","subject disposition recorded; 25 focused Phase 3 tests pass","no"
"tests\test_viz.py","tests/","00da80179b7dc1b7db117f6b9366eecfdc0620aafc68f2af6c32794bc96b0d02","no","no","test/tooling","retire-if-subject-excluded","retired v3-only test or replaced by focused Phase 3 contract test","Phase 3 focused test suites","subject classified by RFC-0002/RFC-0008","subject disposition recorded; 25 focused Phase 3 tests pass","no"
"tests\test_x3dh.py","tests/","baed69d740f850b234ef2c708595de05c847a4ea6e36e220c2c9b74e32e9a37e","no","no","test/tooling","retire-if-subject-excluded","retired v3-only test or replaced by focused Phase 3 contract test","Phase 3 focused test suites","subject classified by RFC-0002/RFC-0008","subject disposition recorded; 25 focused Phase 3 tests pass","no"
"tests\test_x509.py","tests/","934877ddcb2c3f0870ea18357fb1cc0872a34187e97ebb2bb8e949817092bc7d","no","no","test/tooling","retire-if-subject-excluded","retired v3-only test or replaced by focused Phase 3 contract test","Phase 3 focused test suites","subject classified by RFC-0002/RFC-0008","subject disposition recorded; 25 focused Phase 3 tests pass","no"
"tests\test_xchacha.py","tests/","4697143678b7cbc4278613e1dd793de96b7b448e9c1b9a2f73b0bc0eb50b63fe","no","no","test/tooling","retire-if-subject-excluded","retired v3-only test or replaced by focused Phase 3 contract test","Phase 3 focused test suites","subject classified by RFC-0002/RFC-0008","subject disposition recorded; 25 focused Phase 3 tests pass","no"
"tests\test_zeroize_proc_mem.py","tests/","b349cb5b5258a4957bf76e98d4faf557b9d3bbfaff4d963b1e5d4e015d86a196","no","no","test/tooling","retire-if-subject-excluded","retired v3-only test or replaced by focused Phase 3 contract test","Phase 3 focused test suites","subject classified by RFC-0002/RFC-0008","subject disposition recorded; 25 focused Phase 3 tests pass","no"
"tests\test_zeroize_pypy.py","tests/","b646d4eef786134666167f06b41a89d07f32a07129c4dfe4283dbcba25b8cd81","no","no","test/tooling","retire-if-subject-excluded","retired v3-only test or replaced by focused Phase 3 contract test","Phase 3 focused test suites","subject classified by RFC-0002/RFC-0008","subject disposition recorded; 25 focused Phase 3 tests pass","no"
"tests\test_zeroize.py","tests/","9f1ba63d998f79a0339d8560ce3793ff97b5b5e0ff9d2efe14d1adf2f0c256e4","no","no","test/tooling","retire-if-subject-excluded","retired v3-only test or replaced by focused Phase 3 contract test","Phase 3 focused test suites","subject classified by RFC-0002/RFC-0008","subject disposition recorded; 25 focused Phase 3 tests pass","no"
"tests\test_zksnark_stub.py","tests/","98bc1551118dd627696c4e8929f28a8ac7229e82624cd2c16a6659307a2532e6","no","no","test/tooling","retire-if-subject-excluded","retired v3-only test or replaced by focused Phase 3 contract test","Phase 3 focused test suites","subject classified by RFC-0002/RFC-0008","subject disposition recorded; 25 focused Phase 3 tests pass","no"
"tests\test_zksnark.py","tests/","f97da6a49b82d951f0ff00b0c79d1eb7172bc8eee86013b27a06f58325c4d91a","no","no","test/tooling","retire-if-subject-excluded","retired v3-only test or replaced by focused Phase 3 contract test","Phase 3 focused test suites","subject classified by RFC-0002/RFC-0008","subject disposition recorded; 25 focused Phase 3 tests pass","no"
